{
"type": "FeatureCollection",
"name": "lower48",
"crs": { "type": "name", "properties": { "name": "urn:ogc:def:crs:OGC:1.3:CRS84" } },
"features": [
{ "type": "Feature", "properties": { "name": "Alabama" }, "geometry": { "type": "MultiPolygon", "coordinates": [ [ [ [ -87.489511, 30.377683 ], [ -87.513252, 30.368125 ], [ -87.622269, 30.264765 ], [ -88.005934, 30.230916 ], [ -87.985016, 30.254383 ], [ -87.903981, 30.259085 ], [ -87.790294, 30.291792 ], [ -87.813289, 30.346877 ], [ -87.857113, 30.40739 ], [ -87.897631, 30.414135 ], [ -87.924284, 30.449643 ], [ -87.922998, 30.56155 ], [ -87.948871, 30.626919 ], [ -88.011317, 30.694177 ], [ -88.032422, 30.681224 ], [ -88.078367, 30.566197 ], [ -88.116555, 30.415322 ], [ -88.135441, 30.366598 ], [ -88.249215, 30.363181 ], [ -88.349927, 30.373464 ], [ -88.399585, 30.370805 ], [ -88.412758, 30.576579 ], [ -88.423261, 30.764303 ], [ -88.433742, 30.952015 ], [ -88.444234, 31.139706 ], [ -88.454726, 31.327385 ], [ -88.465217, 31.515108 ], [ -88.475709, 31.702821 ], [ -88.48619, 31.890511 ], [ -88.461779, 32.075246 ], [ -88.437367, 32.25997 ], [ -88.412977, 32.444684 ], [ -88.388555, 32.62943 ], [ -88.364132, 32.814176 ], [ -88.339743, 32.998889 ], [ -88.315331, 33.183613 ], [ -88.290908, 33.368348 ], [ -88.266519, 33.553094 ], [ -88.242096, 33.737807 ], [ -88.217684, 33.922532 ], [ -88.193295, 34.107278 ], [ -88.168883, 34.292013 ], [ -88.144461, 34.476737 ], [ -88.12006, 34.66145 ], [ -88.095648, 34.846196 ], [ -88.089474, 34.893064 ], [ -88.088211, 34.909082 ], [ -88.084772, 34.933109 ], [ -88.173267, 34.999005 ], [ -88.19079, 35.012046 ], [ -88.203139, 35.024197 ], [ -88.190427, 35.024999 ], [ -88.029994, 35.023494 ], [ -87.869594, 35.021966 ], [ -87.70916, 35.02045 ], [ -87.548738, 35.018945 ], [ -87.388305, 35.017451 ], [ -87.227871, 35.015946 ], [ -87.067449, 35.014452 ], [ -86.907015, 35.012925 ], [ -86.746582, 35.011409 ], [ -86.58616, 35.009903 ], [ -86.425726, 35.008409 ], [ -86.265293, 35.006904 ], [ -86.104871, 35.00541 ], [ -85.944437, 35.003861 ], [ -85.784037, 35.002356 ], [ -85.623604, 35.000862 ], [ -85.59717, 34.873069 ], [ -85.57077, 34.745265 ], [ -85.544359, 34.617472 ], [ -85.517948, 34.489679 ], [ -85.491548, 34.36193 ], [ -85.465115, 34.234137 ], [ -85.438682, 34.106344 ], [ -85.412271, 33.978551 ], [ -85.38587, 33.850747 ], [ -85.359459, 33.722954 ], [ -85.333059, 33.595161 ], [ -85.306626, 33.46739 ], [ -85.280193, 33.339619 ], [ -85.253782, 33.211826 ], [ -85.227382, 33.084022 ], [ -85.200971, 32.956229 ], [ -85.176317, 32.898221 ], [ -85.156531, 32.804277 ], [ -85.015038, 32.526158 ], [ -84.973905, 32.409286 ], [ -84.985968, 32.360946 ], [ -84.9685, 32.319813 ], [ -84.921533, 32.285887 ], [ -84.929696, 32.246556 ], [ -84.992977, 32.201831 ], [ -85.034627, 32.147372 ], [ -85.064564, 32.051043 ], [ -85.06441, 32.050527 ], [ -85.124132, 31.880536 ], [ -85.124824, 31.77677 ], [ -85.067201, 31.635387 ], [ -85.067047, 31.635178 ], [ -85.054885, 31.572677 ], [ -85.092601, 31.295711 ], [ -85.067443, 31.117579 ], [ -85.007282, 31.001673 ], [ -85.330005, 31.001102 ], [ -85.653399, 31.001058 ], [ -85.976792, 31.001003 ], [ -86.300175, 31.000948 ], [ -86.623568, 31.000893 ], [ -86.94694, 31.000849 ], [ -87.2703, 31.000794 ], [ -87.593694, 31.000739 ], [ -87.607438, 30.929328 ], [ -87.601055, 30.860598 ], [ -87.566195, 30.795636 ], [ -87.421659, 30.671589 ], [ -87.408278, 30.641465 ], [ -87.43381, 30.545938 ], [ -87.429382, 30.477856 ], [ -87.444807, 30.442557 ], [ -87.480106, 30.411707 ], [ -87.489511, 30.377683 ] ] ], [ [ [ -88.071336, 30.25234 ], [ -88.159314, 30.230916 ], [ -88.289722, 30.232938 ], [ -88.316254, 30.240453 ], [ -88.263937, 30.254713 ], [ -88.10937, 30.27373 ], [ -88.071336, 30.25234 ] ] ] ] } },
{ "type": "Feature", "properties": { "name": "Arkansas" }, "geometry": { "type": "MultiPolygon", "coordinates": [ [ [ [ -89.704772, 36.001573 ], [ -89.70932, 35.98305 ], [ -89.689171, 35.943599 ], [ -89.688908, 35.920956 ], [ -89.703772, 35.906904 ], [ -89.738214, 35.898741 ], [ -89.763593, 35.888766 ], [ -89.768932, 35.8721 ], [ -89.769943, 35.864299 ], [ -89.768108, 35.845249 ], [ -89.763593, 35.828044 ], [ -89.779655, 35.805742 ], [ -89.894561, 35.750503 ], [ -89.943505, 35.679136 ], [ -89.92652, 35.591652 ], [ -89.967345, 35.50331 ], [ -90.066024, 35.414112 ], [ -90.107882, 35.314203 ], [ -90.092919, 35.203592 ], [ -90.14227, 35.114296 ], [ -90.255956, 35.046389 ], [ -90.29376, 35.004476 ], [ -90.293705, 35.001114 ], [ -90.293419, 34.970067 ], [ -90.282104, 34.945304 ], [ -90.31994, 34.899161 ], [ -90.41595, 34.851623 ], [ -90.467575, 34.805261 ], [ -90.47476, 34.760052 ], [ -90.497216, 34.738091 ], [ -90.53925, 34.72817 ], [ -90.563848, 34.661164 ], [ -90.584008, 34.503708 ], [ -90.635424, 34.413873 ], [ -90.718107, 34.391703 ], [ -90.762338, 34.356426 ], [ -90.768117, 34.308108 ], [ -90.817215, 34.25222 ], [ -90.90972, 34.188763 ], [ -90.940251, 34.128558 ], [ -90.908786, 34.071561 ], [ -90.914729, 34.048622 ], [ -90.943107, 34.029681 ], [ -91.043148, 34.002864 ], [ -91.060353, 33.989296 ], [ -91.070175, 33.9742 ], [ -91.05007, 33.945163 ], [ -91.038183, 33.901394 ], [ -91.052707, 33.827599 ], [ -91.077151, 33.796694 ], [ -91.100299, 33.767449 ], [ -91.184125, 33.71567 ], [ -91.207482, 33.675669 ], [ -91.17037, 33.647456 ], [ -91.172721, 33.616683 ], [ -91.214579, 33.583406 ], [ -91.202714, 33.546975 ], [ -91.192958, 33.52253 ], [ -91.15433, 33.500206 ], [ -91.141015, 33.438507 ], [ -91.168459, 33.35946 ], [ -91.163339, 33.294454 ], [ -91.117306, 33.240819 ], [ -91.106781, 33.217923 ], [ -91.152858, 33.040571 ], [ -91.149958, 33.015918 ], [ -91.346173, 33.015193 ], [ -91.525855, 33.014984 ], [ -91.705536, 33.014786 ], [ -91.885207, 33.014544 ], [ -92.064899, 33.014314 ], [ -92.244569, 33.014105 ], [ -92.424251, 33.013907 ], [ -92.603927, 33.013699 ], [ -92.783608, 33.01349 ], [ -92.963284, 33.013281 ], [ -93.142965, 33.013072 ], [ -93.322619, 33.012842 ], [ -93.502273, 33.012611 ], [ -93.681949, 33.012402 ], [ -93.861631, 33.012193 ], [ -94.041307, 33.011996 ], [ -94.042806, 33.147589 ], [ -94.044306, 33.283215 ], [ -94.045805, 33.418841 ], [ -94.047327, 33.554435 ], [ -94.098798, 33.57733 ], [ -94.191534, 33.589009 ], [ -94.238456, 33.581208 ], [ -94.294679, 33.58746 ], [ -94.33256, 33.565036 ], [ -94.357674, 33.560972 ], [ -94.377955, 33.566113 ], [ -94.390122, 33.585603 ], [ -94.432008, 33.599731 ], [ -94.484149, 33.648434 ], [ -94.481331, 33.75711 ], [ -94.47854, 33.865787 ], [ -94.475728, 33.974464 ], [ -94.47291, 34.083141 ], [ -94.470092, 34.191817 ], [ -94.467279, 34.300494 ], [ -94.464461, 34.409171 ], [ -94.461643, 34.517837 ], [ -94.458831, 34.626514 ], [ -94.456013, 34.73519 ], [ -94.453195, 34.843867 ], [ -94.450377, 34.952544 ], [ -94.447564, 35.061221 ], [ -94.444746, 35.169897 ], [ -94.441956, 35.278574 ], [ -94.439138, 35.387251 ], [ -94.461539, 35.526459 ], [ -94.483968, 35.665655 ], [ -94.506369, 35.804841 ], [ -94.52877, 35.94406 ], [ -94.551177, 36.083279 ], [ -94.573578, 36.222465 ], [ -94.595979, 36.361661 ], [ -94.61838, 36.500869 ], [ -94.339871, 36.500869 ], [ -94.061357, 36.500869 ], [ -93.782848, 36.500869 ], [ -93.504339, 36.500869 ], [ -93.22583, 36.500869 ], [ -92.947321, 36.500869 ], [ -92.668806, 36.500869 ], [ -92.390298, 36.500869 ], [ -92.111789, 36.500869 ], [ -91.833285, 36.500869 ], [ -91.55476, 36.500869 ], [ -91.276256, 36.500869 ], [ -90.997753, 36.500869 ], [ -90.719239, 36.500869 ], [ -90.440746, 36.500869 ], [ -90.162243, 36.500869 ], [ -90.118078, 36.422537 ], [ -90.074473, 36.371835 ], [ -90.067057, 36.334272 ], [ -90.075659, 36.296721 ], [ -90.149279, 36.215928 ], [ -90.216164, 36.178409 ], [ -90.25255, 36.137738 ], [ -90.303043, 36.099374 ], [ -90.381068, 35.99274 ], [ -90.21679, 35.994938 ], [ -90.052489, 35.997135 ], [ -89.888178, 35.999332 ], [ -89.704772, 36.001573 ] ] ] ] } },
{ "type": "Feature", "properties": { "name": "Arizona" }, "geometry": { "type": "MultiPolygon", "coordinates": [ [ [ [ -109.047807, 31.327879 ], [ -109.274774, 31.327473 ], [ -109.628215, 31.326825 ], [ -109.981651, 31.326155 ], [ -110.335092, 31.325528 ], [ -110.688533, 31.324858 ], [ -111.041974, 31.32421 ], [ -111.51621, 31.47224 ], [ -111.990473, 31.620237 ], [ -112.464731, 31.768244 ], [ -112.938967, 31.916274 ], [ -113.413203, 32.064293 ], [ -113.887461, 32.212301 ], [ -114.361724, 32.360298 ], [ -114.835955, 32.508327 ], [ -114.787999, 32.564808 ], [ -114.724773, 32.715343 ], [ -114.72095, 32.724483 ], [ -114.7209, 32.724483 ], [ -114.582176, 32.734723 ], [ -114.516467, 32.772757 ], [ -114.477531, 32.842004 ], [ -114.469, 32.912306 ], [ -114.490863, 32.983618 ], [ -114.550546, 33.036792 ], [ -114.648088, 33.07175 ], [ -114.704388, 33.169781 ], [ -114.719428, 33.330863 ], [ -114.701702, 33.417809 ], [ -114.651159, 33.430619 ], [ -114.60261, 33.469895 ], [ -114.556001, 33.535626 ], [ -114.521559, 33.607608 ], [ -114.499257, 33.685875 ], [ -114.495098, 33.784653 ], [ -114.509051, 33.903921 ], [ -114.418282, 34.051149 ], [ -114.32932, 34.142027 ], [ -114.163514, 34.253363 ], [ -114.125612, 34.286509 ], [ -114.125018, 34.314084 ], [ -114.125068, 34.317182 ], [ -114.15879, 34.355217 ], [ -114.308028, 34.43289 ], [ -114.371024, 34.488492 ], [ -114.376913, 34.5397 ], [ -114.378879, 34.540633 ], [ -114.398001, 34.589698 ], [ -114.557473, 34.794571 ], [ -114.610933, 34.907401 ], [ -114.610543, 34.991117 ], [ -114.610521, 34.99761 ], [ -114.590987, 35.352776 ], [ -114.648528, 35.475922 ], [ -114.662063, 35.545355 ], [ -114.645166, 35.630543 ], [ -114.650126, 35.683508 ], [ -114.677076, 35.729805 ], [ -114.68369, 35.813597 ], [ -114.687101, 35.917341 ], [ -114.732321, 35.983666 ], [ -114.741362, 36.013516 ], [ -114.715759, 36.084982 ], [ -114.669144, 36.12172 ], [ -114.592975, 36.14756 ], [ -114.505277, 36.156426 ], [ -114.406087, 36.148307 ], [ -114.331545, 36.116293 ], [ -114.281573, 36.060328 ], [ -114.232146, 36.031698 ], [ -114.183207, 36.030303 ], [ -114.119437, 36.076665 ], [ -114.061924, 36.175212 ], [ -114.042879, 36.181771 ], [ -114.041171, 36.61249 ], [ -114.04027, 37.004153 ], [ -113.72817, 37.003944 ], [ -113.41607, 37.003735 ], [ -113.103971, 37.003527 ], [ -112.791871, 37.003318 ], [ -112.479772, 37.00312 ], [ -112.167672, 37.002911 ], [ -111.855572, 37.002703 ], [ -111.543473, 37.002494 ], [ -111.231373, 37.002285 ], [ -110.919268, 37.002087 ], [ -110.607168, 37.001879 ], [ -110.295069, 37.00167 ], [ -109.982969, 37.001461 ], [ -109.67087, 37.001252 ], [ -109.35877, 37.001055 ], [ -109.04667, 37.000846 ], [ -109.046698, 36.646339 ], [ -109.046747, 36.291843 ], [ -109.046802, 35.937336 ], [ -109.046852, 35.582819 ], [ -109.046906, 35.22829 ], [ -109.046956, 34.873794 ], [ -109.047005, 34.519287 ], [ -109.04706, 34.164791 ], [ -109.04711, 33.810284 ], [ -109.047165, 33.455788 ], [ -109.047214, 33.101293 ], [ -109.047264, 32.746764 ], [ -109.047318, 32.392235 ], [ -109.047368, 32.037739 ], [ -109.047423, 31.683232 ], [ -109.047807, 31.327879 ] ] ] ] } },
{ "type": "Feature", "properties": { "name": "California" }, "geometry": { "type": "MultiPolygon", "coordinates": [ [ [ [ -114.610543, 34.991117 ], [ -114.610933, 34.907401 ], [ -114.557473, 34.794571 ], [ -114.398001, 34.589698 ], [ -114.378879, 34.540633 ], [ -114.376913, 34.5397 ], [ -114.371024, 34.488492 ], [ -114.308028, 34.43289 ], [ -114.15879, 34.355217 ], [ -114.125068, 34.317182 ], [ -114.125018, 34.314084 ], [ -114.125612, 34.286509 ], [ -114.163514, 34.253363 ], [ -114.32932, 34.142027 ], [ -114.418282, 34.051149 ], [ -114.509051, 33.903921 ], [ -114.495098, 33.784653 ], [ -114.499257, 33.685875 ], [ -114.521559, 33.607608 ], [ -114.556001, 33.535626 ], [ -114.60261, 33.469895 ], [ -114.651159, 33.430619 ], [ -114.701702, 33.417809 ], [ -114.719428, 33.330863 ], [ -114.704388, 33.169781 ], [ -114.648088, 33.07175 ], [ -114.550546, 33.036792 ], [ -114.490863, 32.983618 ], [ -114.469, 32.912306 ], [ -114.477531, 32.842004 ], [ -114.516467, 32.772757 ], [ -114.582176, 32.734723 ], [ -114.7209, 32.724483 ], [ -114.72095, 32.724483 ], [ -114.724773, 32.715343 ], [ -114.839058, 32.704719 ], [ -115.125214, 32.683307 ], [ -115.411374, 32.661883 ], [ -115.697508, 32.64046 ], [ -115.983663, 32.619048 ], [ -116.269824, 32.597624 ], [ -116.555958, 32.576201 ], [ -116.842113, 32.554789 ], [ -117.128274, 32.533365 ], [ -117.130466, 32.53977 ], [ -117.137393, 32.649172 ], [ -117.183744, 32.687877 ], [ -117.243482, 32.664026 ], [ -117.27069, 32.806266 ], [ -117.255759, 32.87337 ], [ -117.262966, 32.938871 ], [ -117.318826, 33.100051 ], [ -117.467422, 33.295487 ], [ -117.788514, 33.538472 ], [ -117.952095, 33.619606 ], [ -118.080514, 33.722152 ], [ -118.161901, 33.750705 ], [ -118.264403, 33.758616 ], [ -118.294171, 33.712308 ], [ -118.410439, 33.743938 ], [ -118.392949, 33.858295 ], [ -118.506196, 34.01741 ], [ -118.598854, 34.035032 ], [ -118.832045, 34.024463 ], [ -119.143732, 34.112024 ], [ -119.235842, 34.164121 ], [ -119.267647, 34.257439 ], [ -119.413688, 34.338573 ], [ -119.606054, 34.418004 ], [ -119.713203, 34.399657 ], [ -119.853301, 34.411962 ], [ -120.052977, 34.469266 ], [ -120.169559, 34.476451 ], [ -120.396471, 34.459554 ], [ -120.481192, 34.471639 ], [ -120.559821, 34.543885 ], [ -120.644696, 34.579986 ], [ -120.626716, 34.668943 ], [ -120.63762, 34.749352 ], [ -120.624904, 34.811985 ], [ -120.663015, 34.949292 ], [ -120.63361, 35.076459 ], [ -120.659088, 35.122403 ], [ -120.707043, 35.157648 ], [ -120.857374, 35.20969 ], [ -120.88489, 35.274949 ], [ -120.860291, 35.365443 ], [ -120.899589, 35.425121 ], [ -121.02284, 35.480777 ], [ -121.137949, 35.607131 ], [ -121.283831, 35.676323 ], [ -121.343855, 35.792229 ], [ -121.433745, 35.86386 ], [ -121.465012, 35.927394 ], [ -121.664353, 36.154042 ], [ -121.877411, 36.331064 ], [ -121.910178, 36.432919 ], [ -121.918648, 36.572346 ], [ -121.835141, 36.657457 ], [ -121.790004, 36.732285 ], [ -121.794525, 36.800961 ], [ -121.807445, 36.851234 ], [ -121.880669, 36.938938 ], [ -122.164215, 36.990969 ], [ -122.3949, 37.207521 ], [ -122.408468, 37.373173 ], [ -122.499237, 37.542615 ], [ -122.500451, 37.652764 ], [ -122.514223, 37.771987 ], [ -122.445624, 37.798003 ], [ -122.384101, 37.788544 ], [ -122.390275, 37.741083 ], [ -122.369708, 37.655862 ], [ -122.297594, 37.591866 ], [ -122.228661, 37.563906 ], [ -122.166, 37.501669 ], [ -122.11905, 37.482827 ], [ -122.070529, 37.478279 ], [ -122.096544, 37.518203 ], [ -122.124142, 37.543812 ], [ -122.15804, 37.62644 ], [ -122.222201, 37.732041 ], [ -122.29599, 37.790356 ], [ -122.333432, 37.896605 ], [ -122.365473, 37.921204 ], [ -122.385446, 37.960579 ], [ -122.314233, 38.007347 ], [ -122.217031, 38.040647 ], [ -122.086728, 38.049612 ], [ -121.716857, 38.034066 ], [ -121.638101, 38.061268 ], [ -121.573013, 38.052402 ], [ -121.525343, 38.055918 ], [ -121.625725, 38.083933 ], [ -121.682206, 38.074781 ], [ -121.748635, 38.080461 ], [ -121.880773, 38.075012 ], [ -121.934155, 38.086823 ], [ -121.993119, 38.120133 ], [ -122.031511, 38.123517 ], [ -122.153778, 38.065531 ], [ -122.208297, 38.072529 ], [ -122.337129, 38.135887 ], [ -122.393351, 38.144808 ], [ -122.483889, 38.108839 ], [ -122.494892, 37.95358 ], [ -122.46691, 37.838213 ], [ -122.521325, 37.826403 ], [ -122.584189, 37.874072 ], [ -122.680698, 37.90234 ], [ -122.760382, 37.945648 ], [ -122.872932, 38.026046 ], [ -122.932, 38.055457 ], [ -122.998791, 37.988616 ], [ -123.001455, 38.019279 ], [ -122.96815, 38.097007 ], [ -122.977604, 38.227327 ], [ -122.87681, 38.123363 ], [ -122.908154, 38.196587 ], [ -122.986547, 38.277095 ], [ -123.046181, 38.305055 ], [ -123.121162, 38.449283 ], [ -123.289731, 38.535867 ], [ -123.424786, 38.675624 ], [ -123.701125, 38.907293 ], [ -123.719522, 39.110968 ], [ -123.820294, 39.3684 ], [ -123.777788, 39.514957 ], [ -123.783501, 39.618723 ], [ -123.832928, 39.775509 ], [ -123.884476, 39.860796 ], [ -124.108515, 40.09453 ], [ -124.324034, 40.251964 ], [ -124.356537, 40.371078 ], [ -124.371654, 40.491202 ], [ -124.324522, 40.598088 ], [ -124.283675, 40.710534 ], [ -124.253908, 40.740307 ], [ -124.242334, 40.727903 ], [ -124.250601, 40.70392 ], [ -124.220009, 40.696482 ], [ -124.208435, 40.746096 ], [ -124.190242, 40.771727 ], [ -124.222487, 40.775034 ], [ -124.21918, 40.790745 ], [ -124.199904, 40.822056 ], [ -124.133091, 40.969778 ], [ -124.140013, 41.155886 ], [ -124.068519, 41.384171 ], [ -124.071903, 41.459516 ], [ -124.117688, 41.621751 ], [ -124.163243, 41.719002 ], [ -124.244608, 41.787941 ], [ -124.208743, 41.888554 ], [ -124.211665, 41.984618 ], [ -124.228409, 42.000768 ], [ -123.955656, 42.000559 ], [ -123.692007, 42.000559 ], [ -123.428351, 42.000559 ], [ -123.164701, 42.000559 ], [ -122.901046, 42.000559 ], [ -122.63739, 42.000559 ], [ -122.37374, 42.000559 ], [ -122.110063, 42.000559 ], [ -121.84638, 42.000559 ], [ -121.58273, 42.000559 ], [ -121.319075, 42.000559 ], [ -121.05542, 42.000559 ], [ -120.79177, 42.000559 ], [ -120.528114, 42.000559 ], [ -120.264464, 42.000559 ], [ -120.000809, 42.000559 ], [ -120.000759, 41.813056 ], [ -120.000704, 41.625519 ], [ -120.000655, 41.438015 ], [ -120.000628, 41.250501 ], [ -120.0006, 41.062975 ], [ -120.000551, 40.87546 ], [ -120.000501, 40.687957 ], [ -120.000446, 40.50042 ], [ -120.000397, 40.312883 ], [ -120.000342, 40.12538 ], [ -120.000293, 39.937876 ], [ -120.000243, 39.750339 ], [ -120.000188, 39.562803 ], [ -120.000139, 39.375299 ], [ -120.000084, 39.187784 ], [ -120.000062, 39.000259 ], [ -119.765839, 38.836782 ], [ -119.531616, 38.673295 ], [ -119.297387, 38.509796 ], [ -119.063164, 38.34632 ], [ -118.828941, 38.182843 ], [ -118.594718, 38.019333 ], [ -118.360495, 37.855857 ], [ -118.126272, 37.69238 ], [ -117.942949, 37.554579 ], [ -117.759603, 37.416788 ], [ -117.576253, 37.278965 ], [ -117.392935, 37.141174 ], [ -117.209611, 37.003373 ], [ -117.02626, 36.865549 ], [ -116.842915, 36.727759 ], [ -116.659592, 36.589968 ], [ -116.405681, 36.391786 ], [ -116.151743, 36.193625 ], [ -115.897827, 35.995476 ], [ -115.643917, 35.797294 ], [ -115.390006, 35.599122 ], [ -115.136096, 35.400962 ], [ -114.88218, 35.202812 ], [ -114.610543, 34.991117 ] ] ], [ [ [ -119.882393, 34.07968 ], [ -119.678865, 34.028462 ], [ -119.569129, 34.052961 ], [ -119.549287, 34.028154 ], [ -119.562207, 34.00661 ], [ -119.809581, 33.967795 ], [ -119.885518, 33.994931 ], [ -119.892418, 34.032164 ], [ -119.918049, 34.067848 ], [ -119.882393, 34.07968 ] ] ], [ [ [ -120.306602, 34.024869 ], [ -120.359705, 34.022265 ], [ -120.441558, 34.032933 ], [ -120.412928, 34.056323 ], [ -120.367736, 34.073297 ], [ -120.353322, 34.060586 ], [ -120.306602, 34.024869 ] ] ], [ [ [ -120.043573, 33.918862 ], [ -120.113902, 33.904855 ], [ -120.167131, 33.918082 ], [ -120.251907, 34.013839 ], [ -120.071841, 34.026506 ], [ -119.994404, 33.984934 ], [ -119.983939, 33.973332 ], [ -120.043573, 33.918862 ] ] ], [ [ [ -118.347965, 33.385762 ], [ -118.297478, 33.312131 ], [ -118.370234, 33.321217 ], [ -118.446304, 33.317086 ], [ -118.469353, 33.357142 ], [ -118.49204, 33.412821 ], [ -118.507333, 33.427004 ], [ -118.559425, 33.43197 ], [ -118.563325, 33.437079 ], [ -118.569422, 33.464182 ], [ -118.554849, 33.47708 ], [ -118.391707, 33.415095 ], [ -118.347965, 33.385762 ] ] ], [ [ [ -119.438029, 33.217198 ], [ -119.482496, 33.215342 ], [ -119.543679, 33.224614 ], [ -119.575177, 33.278326 ], [ -119.525128, 33.282051 ], [ -119.478799, 33.274635 ], [ -119.442055, 33.232447 ], [ -119.438029, 33.217198 ] ] ], [ [ [ -118.350393, 32.827612 ], [ -118.408582, 32.818515 ], [ -118.473204, 32.838928 ], [ -118.52891, 32.935608 ], [ -118.59017, 33.011161 ], [ -118.557101, 33.032661 ], [ -118.507492, 32.959898 ], [ -118.383182, 32.849464 ], [ -118.350393, 32.827612 ] ] ] ] } },
{ "type": "Feature", "properties": { "name": "Colorado" }, "geometry": { "type": "MultiPolygon", "coordinates": [ [ [ [ -109.04667, 37.000846 ], [ -109.046648, 37.250851 ], [ -109.046648, 37.500834 ], [ -109.046621, 37.750828 ], [ -109.046593, 38.000833 ], [ -109.046593, 38.250848 ], [ -109.046566, 38.500853 ], [ -109.046544, 38.750869 ], [ -109.046544, 39.000819 ], [ -109.046516, 39.250835 ], [ -109.046489, 39.50084 ], [ -109.046489, 39.750856 ], [ -109.046467, 40.000872 ], [ -109.04644, 40.250877 ], [ -109.04644, 40.500859 ], [ -109.046412, 40.750842 ], [ -109.04639, 41.000858 ], [ -108.732351, 41.000858 ], [ -108.418313, 41.000858 ], [ -108.104274, 41.000858 ], [ -107.790213, 41.000858 ], [ -107.476147, 41.000858 ], [ -107.162108, 41.000858 ], [ -106.84807, 41.000858 ], [ -106.534037, 41.000858 ], [ -106.219998, 41.000858 ], [ -105.905932, 41.000858 ], [ -105.591871, 41.000858 ], [ -105.277832, 41.000858 ], [ -104.963794, 41.000858 ], [ -104.649755, 41.000858 ], [ -104.335722, 41.000858 ], [ -104.021655, 41.000858 ], [ -103.772084, 41.000836 ], [ -103.522486, 41.000803 ], [ -103.272915, 41.000781 ], [ -103.023344, 41.000748 ], [ -102.773746, 41.000726 ], [ -102.524175, 41.000704 ], [ -102.274604, 41.00065 ], [ -102.025006, 41.000628 ], [ -102.024956, 40.875691 ], [ -102.024879, 40.750744 ], [ -102.024802, 40.625818 ], [ -102.024747, 40.500892 ], [ -102.024698, 40.375934 ], [ -102.024621, 40.251008 ], [ -102.024544, 40.126083 ], [ -102.024489, 40.001124 ], [ -102.02377, 39.813588 ], [ -102.023045, 39.626084 ], [ -102.022319, 39.43858 ], [ -102.021572, 39.251044 ], [ -102.02082, 39.063529 ], [ -102.0201, 38.876025 ], [ -102.019375, 38.688489 ], [ -102.01865, 38.500985 ], [ -102.017925, 38.31347 ], [ -102.017178, 38.125945 ], [ -102.016431, 37.93843 ], [ -102.015706, 37.750927 ], [ -102.014981, 37.56339 ], [ -102.014261, 37.375853 ], [ -102.013536, 37.188372 ], [ -102.012783, 37.000846 ], [ -102.2598, 37.000846 ], [ -102.506811, 37.000846 ], [ -102.753828, 37.000846 ], [ -103.000839, 37.000846 ], [ -103.378724, 37.000846 ], [ -103.756583, 37.000846 ], [ -104.134441, 37.000846 ], [ -104.512299, 37.000846 ], [ -104.890158, 37.000846 ], [ -105.268016, 37.000846 ], [ -105.645874, 37.000846 ], [ -106.023755, 37.000846 ], [ -106.40164, 37.000846 ], [ -106.779499, 37.000846 ], [ -107.157357, 37.000846 ], [ -107.535215, 37.000846 ], [ -107.913073, 37.000846 ], [ -108.290932, 37.000846 ], [ -108.66879, 37.000846 ], [ -109.04667, 37.000846 ] ] ] ] } },
{ "type": "Feature", "properties": { "name": "Connecticut" }, "geometry": { "type": "MultiPolygon", "coordinates": [ [ [ [ -71.800836, 42.011963 ], [ -71.800319, 41.95824 ], [ -71.799561, 41.883027 ], [ -71.798968, 41.828502 ], [ -71.798199, 41.753114 ], [ -71.79732, 41.667586 ], [ -71.796518, 41.588858 ], [ -71.795793, 41.519951 ], [ -71.799232, 41.47917 ], [ -71.804527, 41.416746 ], [ -71.829873, 41.392741 ], [ -71.842353, 41.335513 ], [ -71.929947, 41.341039 ], [ -72.07389, 41.326109 ], [ -72.265272, 41.291666 ], [ -72.371059, 41.312156 ], [ -72.479417, 41.27578 ], [ -72.847152, 41.265849 ], [ -72.924715, 41.285151 ], [ -73.023724, 41.216476 ], [ -73.182268, 41.175838 ], [ -73.582994, 41.021886 ], [ -73.630466, 40.99186 ], [ -73.682113, 41.054702 ], [ -73.723015, 41.104514 ], [ -73.641881, 41.143406 ], [ -73.579797, 41.173146 ], [ -73.521756, 41.200919 ], [ -73.484139, 41.218959 ], [ -73.51445, 41.257455 ], [ -73.544729, 41.295951 ], [ -73.53672, 41.390906 ], [ -73.528689, 41.485839 ], [ -73.520647, 41.580794 ], [ -73.512638, 41.675748 ], [ -73.504629, 41.770703 ], [ -73.496619, 41.865658 ], [ -73.48861, 41.960613 ], [ -73.480568, 42.055568 ], [ -73.396468, 42.052887 ], [ -73.312346, 42.050195 ], [ -73.228234, 42.047515 ], [ -73.144134, 42.044823 ], [ -73.060034, 42.042132 ], [ -72.975922, 42.039451 ], [ -72.8918, 42.036759 ], [ -72.8077, 42.034079 ], [ -72.806458, 42.00803 ], [ -72.763326, 42.011238 ], [ -72.757624, 42.034079 ], [ -72.638115, 42.03265 ], [ -72.518638, 42.031233 ], [ -72.39914, 42.029816 ], [ -72.279642, 42.028388 ], [ -72.160133, 42.02697 ], [ -72.040634, 42.025553 ], [ -71.921136, 42.024125 ], [ -71.801638, 42.022708 ], [ -71.800836, 42.011963 ] ] ] ] } },
{ "type": "Feature", "properties": { "name": "District of Columbia" }, "geometry": { "type": "MultiPolygon", "coordinates": [ [ [ [ -77.030361, 38.889253 ], [ -77.053048, 38.915302 ], [ -77.101827, 38.935967 ], [ -77.122053, 38.943536 ], [ -77.042116, 39.011783 ], [ -76.988789, 38.952347 ], [ -76.931242, 38.88822 ], [ -77.019737, 38.806526 ], [ -77.030361, 38.889253 ] ] ] ] } },
{ "type": "Feature", "properties": { "name": "Delaware" }, "geometry": { "type": "MultiPolygon", "coordinates": [ [ [ [ -75.037661, 38.45559 ], [ -75.144657, 38.454865 ], [ -75.366273, 38.454919 ], [ -75.587856, 38.454996 ], [ -75.688601, 38.455018 ], [ -75.690908, 38.455018 ], [ -75.693226, 38.455018 ], [ -75.695533, 38.455018 ], [ -75.697829, 38.455018 ], [ -75.700125, 38.455018 ], [ -75.702433, 38.45504 ], [ -75.704729, 38.455073 ], [ -75.707025, 38.455073 ], [ -75.716748, 38.613485 ], [ -75.72646, 38.771897 ], [ -75.736172, 38.930309 ], [ -75.745883, 39.088721 ], [ -75.755606, 39.247144 ], [ -75.765318, 39.405555 ], [ -75.77503, 39.563945 ], [ -75.78472, 39.722357 ], [ -75.709145, 39.802898 ], [ -75.676823, 39.827233 ], [ -75.634581, 39.839482 ], [ -75.510446, 39.843438 ], [ -75.421029, 39.815422 ], [ -75.464403, 39.780936 ], [ -75.50213, 39.717391 ], [ -75.587603, 39.640784 ], [ -75.581583, 39.589467 ], [ -75.567268, 39.552992 ], [ -75.573882, 39.476945 ], [ -75.519807, 39.40282 ], [ -75.412657, 39.281377 ], [ -75.392168, 39.092753 ], [ -75.310407, 38.966564 ], [ -75.185064, 38.819391 ], [ -75.088692, 38.777533 ], [ -75.08399, 38.72281 ], [ -75.128485, 38.632448 ], [ -75.187108, 38.591128 ], [ -75.110863, 38.599379 ], [ -75.072883, 38.578735 ], [ -75.035881, 38.503336 ], [ -75.037661, 38.45559 ] ] ] ] } },
{ "type": "Feature", "properties": { "name": "Florida" }, "geometry": { "type": "MultiPolygon", "coordinates": [ [ [ [ -87.489511, 30.377683 ], [ -87.480106, 30.411707 ], [ -87.444807, 30.442557 ], [ -87.429382, 30.477856 ], [ -87.43381, 30.545938 ], [ -87.408278, 30.641465 ], [ -87.421659, 30.671589 ], [ -87.566195, 30.795636 ], [ -87.601055, 30.860598 ], [ -87.607438, 30.929328 ], [ -87.593694, 31.000739 ], [ -87.2703, 31.000794 ], [ -86.94694, 31.000849 ], [ -86.623568, 31.000893 ], [ -86.300175, 31.000948 ], [ -85.976792, 31.001003 ], [ -85.653399, 31.001058 ], [ -85.330005, 31.001102 ], [ -85.007282, 31.001673 ], [ -84.966335, 30.922638 ], [ -84.886882, 30.75926 ], [ -84.883938, 30.72094 ], [ -84.790378, 30.715128 ], [ -84.630978, 30.705779 ], [ -84.471555, 30.696451 ], [ -84.312166, 30.687124 ], [ -84.152765, 30.677763 ], [ -83.993342, 30.668414 ], [ -83.833942, 30.659087 ], [ -83.674552, 30.649759 ], [ -83.515129, 30.640399 ], [ -83.355707, 30.63105 ], [ -83.196306, 30.621722 ], [ -83.036916, 30.612395 ], [ -82.877494, 30.603045 ], [ -82.718093, 30.593685 ], [ -82.558704, 30.584358 ], [ -82.399281, 30.57503 ], [ -82.23988, 30.565681 ], [ -82.238924, 30.532612 ], [ -82.212733, 30.480746 ], [ -82.20624, 30.421606 ], [ -82.194232, 30.393437 ], [ -82.162624, 30.375716 ], [ -82.112274, 30.371355 ], [ -82.061759, 30.404599 ], [ -82.029822, 30.477702 ], [ -82.021835, 30.559869 ], [ -82.04116, 30.65322 ], [ -82.038193, 30.73197 ], [ -82.012947, 30.778069 ], [ -81.983053, 30.789494 ], [ -81.957081, 30.81429 ], [ -81.935592, 30.819509 ], [ -81.880452, 30.806336 ], [ -81.673359, 30.740243 ], [ -81.503939, 30.731432 ], [ -81.457192, 30.640761 ], [ -81.385726, 30.269984 ], [ -81.337101, 30.141213 ], [ -81.249507, 29.793792 ], [ -81.104531, 29.456963 ], [ -80.900021, 29.049853 ], [ -80.5643, 28.556402 ], [ -80.524123, 28.48609 ], [ -80.567816, 28.426456 ], [ -80.581153, 28.36468 ], [ -80.584977, 28.271604 ], [ -80.572859, 28.180868 ], [ -80.533165, 28.07007 ], [ -80.456887, 27.900672 ], [ -80.499547, 27.934466 ], [ -80.610015, 28.177605 ], [ -80.62288, 28.320361 ], [ -80.606938, 28.522883 ], [ -80.632877, 28.518027 ], [ -80.653883, 28.452186 ], [ -80.665484, 28.374908 ], [ -80.693489, 28.344959 ], [ -80.731754, 28.46292 ], [ -80.729051, 28.516214 ], [ -80.688457, 28.57854 ], [ -80.700267, 28.600941 ], [ -80.765943, 28.632823 ], [ -80.779896, 28.682954 ], [ -80.771008, 28.732458 ], [ -80.80868, 28.758946 ], [ -80.83819, 28.75765 ], [ -80.818425, 28.635614 ], [ -80.787213, 28.560632 ], [ -80.748607, 28.381005 ], [ -80.686359, 28.272175 ], [ -80.650115, 28.180911 ], [ -80.226108, 27.20705 ], [ -80.12577, 27.083004 ], [ -80.088647, 26.99396 ], [ -80.050041, 26.807697 ], [ -80.041307, 26.568613 ], [ -80.110587, 26.131588 ], [ -80.126374, 25.833518 ], [ -80.136295, 25.842614 ], [ -80.142909, 25.874024 ], [ -80.158927, 25.878342 ], [ -80.219077, 25.741738 ], [ -80.300826, 25.618537 ], [ -80.327754, 25.427078 ], [ -80.36692, 25.331267 ], [ -80.484639, 25.22983 ], [ -80.557632, 25.232412 ], [ -80.736544, 25.156342 ], [ -80.862217, 25.176195 ], [ -81.011971, 25.133249 ], [ -81.110497, 25.13805 ], [ -81.167395, 25.228533 ], [ -81.158683, 25.268996 ], [ -81.136029, 25.309646 ], [ -81.097654, 25.319149 ], [ -80.965367, 25.224304 ], [ -80.940406, 25.264217 ], [ -80.980353, 25.311656 ], [ -81.05685, 25.338144 ], [ -81.113309, 25.367236 ], [ -81.227128, 25.583403 ], [ -81.345077, 25.731817 ], [ -81.364929, 25.831035 ], [ -81.568242, 25.891547 ], [ -81.715503, 25.983173 ], [ -81.81149, 26.146101 ], [ -81.866576, 26.434997 ], [ -81.931483, 26.467451 ], [ -81.958949, 26.489929 ], [ -81.895514, 26.597166 ], [ -81.82864, 26.687056 ], [ -81.881561, 26.664677 ], [ -81.920552, 26.631422 ], [ -81.970188, 26.552045 ], [ -82.006388, 26.539851 ], [ -82.039611, 26.552045 ], [ -82.077876, 26.704338 ], [ -82.066923, 26.891567 ], [ -82.013254, 26.961561 ], [ -82.095685, 26.963418 ], [ -82.181103, 26.936776 ], [ -82.168623, 26.874351 ], [ -82.180664, 26.840096 ], [ -82.242858, 26.848874 ], [ -82.290066, 26.870814 ], [ -82.354039, 26.935743 ], [ -82.44137, 27.059691 ], [ -82.620458, 27.401069 ], [ -82.655361, 27.449233 ], [ -82.714589, 27.499583 ], [ -82.686705, 27.515272 ], [ -82.63585, 27.524577 ], [ -82.520845, 27.678254 ], [ -82.430515, 27.771121 ], [ -82.400544, 27.83538 ], [ -82.405763, 27.862901 ], [ -82.445709, 27.902848 ], [ -82.498136, 27.867911 ], [ -82.520614, 27.877887 ], [ -82.579611, 27.958449 ], [ -82.635937, 27.981213 ], [ -82.675203, 27.963767 ], [ -82.633817, 27.897783 ], [ -82.596551, 27.873239 ], [ -82.610977, 27.777219 ], [ -82.626006, 27.745985 ], [ -82.660887, 27.718409 ], [ -82.715336, 27.733109 ], [ -82.742856, 27.709367 ], [ -82.775299, 27.734383 ], [ -82.807555, 27.776549 ], [ -82.843513, 27.846004 ], [ -82.748536, 28.236799 ], [ -82.660635, 28.485859 ], [ -82.650604, 28.769922 ], [ -82.644023, 28.81201 ], [ -82.651483, 28.887486 ], [ -82.769333, 29.051556 ], [ -83.29047, 29.451898 ], [ -83.694371, 29.92598 ], [ -84.04422, 30.103794 ], [ -84.309683, 30.064759 ], [ -84.355616, 30.029021 ], [ -84.375337, 29.982274 ], [ -84.358693, 29.929386 ], [ -84.38283, 29.907369 ], [ -84.454065, 29.91016 ], [ -84.549976, 29.897866 ], [ -84.800552, 29.773072 ], [ -84.888926, 29.77761 ], [ -84.96917, 29.745288 ], [ -85.029298, 29.721085 ], [ -85.18604, 29.707901 ], [ -85.318942, 29.680205 ], [ -85.376356, 29.69519 ], [ -85.413798, 29.76759 ], [ -85.413798, 29.842473 ], [ -85.383442, 29.785058 ], [ -85.33641, 29.740124 ], [ -85.314888, 29.758076 ], [ -85.306857, 29.797846 ], [ -85.353626, 29.87575 ], [ -85.504281, 29.975792 ], [ -85.6758, 30.121932 ], [ -85.623472, 30.117076 ], [ -85.610277, 30.148398 ], [ -85.663418, 30.189454 ], [ -85.640973, 30.236893 ], [ -85.603532, 30.286782 ], [ -85.675899, 30.279289 ], [ -85.740806, 30.244386 ], [ -85.742948, 30.201253 ], [ -85.755791, 30.166998 ], [ -85.79075, 30.171986 ], [ -85.855657, 30.214404 ], [ -86.17515, 30.332518 ], [ -86.454434, 30.399128 ], [ -86.240079, 30.429099 ], [ -86.123833, 30.405797 ], [ -86.137709, 30.441557 ], [ -86.165691, 30.464244 ], [ -86.257394, 30.493017 ], [ -86.374179, 30.482064 ], [ -86.447952, 30.49561 ], [ -86.523373, 30.467112 ], [ -86.606078, 30.424682 ], [ -86.679642, 30.402896 ], [ -86.967605, 30.372354 ], [ -87.201152, 30.339231 ], [ -87.163722, 30.374189 ], [ -87.123776, 30.396667 ], [ -86.985798, 30.430857 ], [ -86.965155, 30.501916 ], [ -86.997576, 30.570328 ], [ -87.033908, 30.553925 ], [ -87.072019, 30.500433 ], [ -87.118788, 30.538962 ], [ -87.170588, 30.538786 ], [ -87.184651, 30.453697 ], [ -87.251074, 30.396667 ], [ -87.281045, 30.339231 ], [ -87.475767, 30.294275 ], [ -87.500728, 30.30926 ], [ -87.443731, 30.363829 ], [ -87.448301, 30.394162 ], [ -87.489511, 30.377683 ] ] ], [ [ [ -84.907888, 29.642632 ], [ -85.00827, 29.606618 ], [ -85.116738, 29.632788 ], [ -85.049326, 29.637776 ], [ -85.000547, 29.627185 ], [ -84.876984, 29.678678 ], [ -84.812186, 29.717646 ], [ -84.737172, 29.732445 ], [ -84.907888, 29.642632 ] ] ], [ [ [ -80.186755, 27.27844 ], [ -80.170506, 27.204798 ], [ -80.262462, 27.37557 ], [ -80.376072, 27.643427 ], [ -80.436892, 27.850553 ], [ -80.395759, 27.794555 ], [ -80.355505, 27.678617 ], [ -80.186755, 27.27844 ] ] ], [ [ [ -82.083765, 26.552331 ], [ -82.085215, 26.493598 ], [ -82.135598, 26.59197 ], [ -82.169139, 26.700723 ], [ -82.121129, 26.665534 ], [ -82.083765, 26.552331 ] ] ], [ [ [ -82.037183, 26.45363 ], [ -82.072844, 26.427537 ], [ -82.144958, 26.446654 ], [ -82.184388, 26.480942 ], [ -82.201384, 26.548046 ], [ -82.138597, 26.476987 ], [ -82.116064, 26.460914 ], [ -82.037183, 26.45363 ] ] ], [ [ [ -80.381828, 25.142291 ], [ -80.580582, 24.954238 ], [ -80.558566, 25.001314 ], [ -80.481046, 25.10196 ], [ -80.456019, 25.149322 ], [ -80.403669, 25.179337 ], [ -80.354934, 25.233653 ], [ -80.351286, 25.296956 ], [ -80.280491, 25.341242 ], [ -80.257057, 25.347603 ], [ -80.381828, 25.142291 ] ] ], [ [ [ -80.638304, 24.903184 ], [ -80.665144, 24.898449 ], [ -80.62567, 24.941087 ], [ -80.614607, 24.937934 ], [ -80.638304, 24.903184 ] ] ], [ [ [ -80.829401, 24.803681 ], [ -80.848363, 24.803681 ], [ -80.838882, 24.817886 ], [ -80.799408, 24.846308 ], [ -80.785192, 24.835278 ], [ -80.786774, 24.82104 ], [ -80.829401, 24.803681 ] ] ], [ [ [ -81.044194, 24.716812 ], [ -81.090007, 24.693115 ], [ -81.137369, 24.710506 ], [ -81.08525, 24.734204 ], [ -80.930486, 24.759472 ], [ -80.988922, 24.727875 ], [ -81.044194, 24.716812 ] ] ], [ [ [ -81.334794, 24.650488 ], [ -81.364797, 24.629943 ], [ -81.379036, 24.636271 ], [ -81.379036, 24.666275 ], [ -81.421662, 24.7326 ], [ -81.420091, 24.749991 ], [ -81.322313, 24.685084 ], [ -81.319841, 24.667615 ], [ -81.334794, 24.650488 ] ] ], [ [ [ -81.566693, 24.599896 ], [ -81.631501, 24.590019 ], [ -81.57925, 24.629372 ], [ -81.562298, 24.689138 ], [ -81.531636, 24.642479 ], [ -81.532229, 24.614156 ], [ -81.566693, 24.599896 ] ] ], [ [ [ -81.783838, 24.54458 ], [ -81.809216, 24.542349 ], [ -81.811413, 24.557807 ], [ -81.767688, 24.576715 ], [ -81.738651, 24.575429 ], [ -81.739761, 24.5545 ], [ -81.783838, 24.54458 ] ] ] ] } },
{ "type": "Feature", "properties": { "name": "Georgia" }, "geometry": { "type": "MultiPolygon", "coordinates": [ [ [ [ -85.007282, 31.001673 ], [ -85.067443, 31.117579 ], [ -85.092601, 31.295711 ], [ -85.054885, 31.572677 ], [ -85.067047, 31.635178 ], [ -85.067201, 31.635387 ], [ -85.124824, 31.77677 ], [ -85.124132, 31.880536 ], [ -85.06441, 32.050527 ], [ -85.064564, 32.051043 ], [ -85.034627, 32.147372 ], [ -84.992977, 32.201831 ], [ -84.929696, 32.246556 ], [ -84.921533, 32.285887 ], [ -84.9685, 32.319813 ], [ -84.985968, 32.360946 ], [ -84.973905, 32.409286 ], [ -85.015038, 32.526158 ], [ -85.156531, 32.804277 ], [ -85.176317, 32.898221 ], [ -85.200971, 32.956229 ], [ -85.227382, 33.084022 ], [ -85.253782, 33.211826 ], [ -85.280193, 33.339619 ], [ -85.306626, 33.46739 ], [ -85.333059, 33.595161 ], [ -85.359459, 33.722954 ], [ -85.38587, 33.850747 ], [ -85.412271, 33.978551 ], [ -85.438682, 34.106344 ], [ -85.465115, 34.234137 ], [ -85.491548, 34.36193 ], [ -85.517948, 34.489679 ], [ -85.544359, 34.617472 ], [ -85.57077, 34.745265 ], [ -85.59717, 34.873069 ], [ -85.623604, 35.000862 ], [ -85.298892, 34.997654 ], [ -84.974158, 34.994479 ], [ -84.649424, 34.991304 ], [ -84.32469, 34.988096 ], [ -84.022225, 34.991457 ], [ -83.719772, 34.994786 ], [ -83.417307, 34.998126 ], [ -83.114821, 35.001477 ], [ -83.121357, 35.000554 ], [ -83.1704, 34.932911 ], [ -83.316716, 34.805657 ], [ -83.355575, 34.708318 ], [ -83.166522, 34.599597 ], [ -83.165896, 34.598531 ], [ -83.052781, 34.51086 ], [ -82.975679, 34.476396 ], [ -82.896819, 34.465806 ], [ -82.847732, 34.436911 ], [ -82.818607, 34.366072 ], [ -82.818585, 34.366017 ], [ -82.589268, 34.017377 ], [ -82.589344, 34.017618 ], [ -82.351897, 33.837728 ], [ -82.256623, 33.749233 ], [ -82.208361, 33.663584 ], [ -82.005718, 33.522893 ], [ -81.936394, 33.447285 ], [ -81.932845, 33.38987 ], [ -81.908741, 33.349254 ], [ -81.864093, 33.325436 ], [ -81.821279, 33.274096 ], [ -81.780322, 33.195292 ], [ -81.69932, 33.126759 ], [ -81.57824, 33.068575 ], [ -81.489778, 32.935663 ], [ -81.433813, 32.728032 ], [ -81.37697, 32.607468 ], [ -81.290332, 32.557239 ], [ -81.171504, 32.380139 ], [ -81.132953, 32.27467 ], [ -81.135018, 32.181858 ], [ -81.074813, 32.109699 ], [ -80.872346, 32.029565 ], [ -80.923432, 31.944894 ], [ -81.045535, 31.892038 ], [ -81.082877, 31.894104 ], [ -81.113287, 31.878624 ], [ -81.095511, 31.840897 ], [ -81.065046, 31.813464 ], [ -81.066134, 31.787987 ], [ -81.098401, 31.75338 ], [ -81.162121, 31.743723 ], [ -81.197904, 31.704216 ], [ -81.186588, 31.666961 ], [ -81.165527, 31.646153 ], [ -81.169922, 31.610316 ], [ -81.242399, 31.574325 ], [ -81.25935, 31.538927 ], [ -81.223414, 31.528468 ], [ -81.195685, 31.538927 ], [ -81.175426, 31.531302 ], [ -81.21891, 31.472141 ], [ -81.257933, 31.436018 ], [ -81.294979, 31.371209 ], [ -81.380947, 31.353258 ], [ -81.377739, 31.332296 ], [ -81.329136, 31.313751 ], [ -81.288464, 31.263906 ], [ -81.364874, 31.171895 ], [ -81.412621, 31.179443 ], [ -81.441767, 31.199724 ], [ -81.460345, 31.127071 ], [ -81.453215, 31.088279 ], [ -81.471376, 31.009012 ], [ -81.500599, 30.913772 ], [ -81.520397, 30.874649 ], [ -81.516233, 30.80181 ], [ -81.503939, 30.731432 ], [ -81.673359, 30.740243 ], [ -81.880452, 30.806336 ], [ -81.935592, 30.819509 ], [ -81.957081, 30.81429 ], [ -81.983053, 30.789494 ], [ -82.012947, 30.778069 ], [ -82.038193, 30.73197 ], [ -82.04116, 30.65322 ], [ -82.021835, 30.559869 ], [ -82.029822, 30.477702 ], [ -82.061759, 30.404599 ], [ -82.112274, 30.371355 ], [ -82.162624, 30.375716 ], [ -82.194232, 30.393437 ], [ -82.20624, 30.421606 ], [ -82.212733, 30.480746 ], [ -82.238924, 30.532612 ], [ -82.23988, 30.565681 ], [ -82.399281, 30.57503 ], [ -82.558704, 30.584358 ], [ -82.718093, 30.593685 ], [ -82.877494, 30.603045 ], [ -83.036916, 30.612395 ], [ -83.196306, 30.621722 ], [ -83.355707, 30.63105 ], [ -83.515129, 30.640399 ], [ -83.674552, 30.649759 ], [ -83.833942, 30.659087 ], [ -83.993342, 30.668414 ], [ -84.152765, 30.677763 ], [ -84.312166, 30.687124 ], [ -84.471555, 30.696451 ], [ -84.630978, 30.705779 ], [ -84.790378, 30.715128 ], [ -84.883938, 30.72094 ], [ -84.886882, 30.75926 ], [ -84.966335, 30.922638 ], [ -85.007282, 31.001673 ] ] ], [ [ [ -81.418982, 30.971439 ], [ -81.463498, 30.727762 ], [ -81.482725, 30.814093 ], [ -81.484636, 30.897831 ], [ -81.450941, 30.947412 ], [ -81.418982, 30.971439 ] ] ] ] } },
{ "type": "Feature", "properties": { "name": "Iowa" }, "geometry": { "type": "MultiPolygon", "coordinates": [ [ [ [ -91.441952, 40.37945 ], [ -91.529931, 40.432316 ], [ -91.545487, 40.469318 ], [ -91.616855, 40.50688 ], [ -91.627423, 40.530753 ], [ -91.682047, 40.551869 ], [ -91.73153, 40.624653 ], [ -91.983787, 40.623203 ], [ -92.236044, 40.621764 ], [ -92.488301, 40.620314 ], [ -92.740564, 40.618864 ], [ -92.992821, 40.617413 ], [ -93.245078, 40.615974 ], [ -93.497335, 40.614524 ], [ -93.749598, 40.613074 ], [ -94.001855, 40.611635 ], [ -94.254112, 40.610184 ], [ -94.506369, 40.608734 ], [ -94.758631, 40.607284 ], [ -95.010888, 40.605845 ], [ -95.263146, 40.604395 ], [ -95.51543, 40.602944 ], [ -95.765029, 40.601868 ], [ -95.826107, 40.676179 ], [ -95.859, 40.745108 ], [ -95.838148, 40.777748 ], [ -95.834017, 40.88949 ], [ -95.846597, 41.080333 ], [ -95.870887, 41.187824 ], [ -95.906906, 41.21195 ], [ -95.911169, 41.245183 ], [ -95.883626, 41.287557 ], [ -95.891943, 41.316166 ], [ -95.936025, 41.330986 ], [ -95.94972, 41.367428 ], [ -95.932977, 41.425458 ], [ -95.943567, 41.460933 ], [ -95.98158, 41.473798 ], [ -95.997367, 41.493639 ], [ -95.990957, 41.52049 ], [ -96.011397, 41.537881 ], [ -96.058627, 41.54578 ], [ -96.077771, 41.611281 ], [ -96.068806, 41.734328 ], [ -96.086637, 41.821372 ], [ -96.13123, 41.872437 ], [ -96.153763, 41.920436 ], [ -96.154203, 41.965293 ], [ -96.201384, 42.036122 ], [ -96.295333, 42.132912 ], [ -96.356104, 42.260133 ], [ -96.383751, 42.417776 ], [ -96.451004, 42.505985 ], [ -96.480953, 42.511259 ], [ -96.506326, 42.593579 ], [ -96.53361, 42.630164 ], [ -96.538702, 42.658585 ], [ -96.62177, 42.729535 ], [ -96.626835, 42.757001 ], [ -96.616084, 42.791388 ], [ -96.562576, 42.85857 ], [ -96.513274, 42.969059 ], [ -96.502112, 43.043294 ], [ -96.462688, 43.099181 ], [ -96.461293, 43.129767 ], [ -96.468137, 43.17023 ], [ -96.49028, 43.205529 ], [ -96.55539, 43.231676 ], [ -96.563454, 43.242685 ], [ -96.569942, 43.283323 ], [ -96.542526, 43.309031 ], [ -96.534956, 43.338057 ], [ -96.541647, 43.373455 ], [ -96.581285, 43.434923 ], [ -96.598622, 43.497501 ], [ -96.453619, 43.501171 ], [ -96.128418, 43.501226 ], [ -95.80319, 43.50127 ], [ -95.477967, 43.501325 ], [ -95.152766, 43.50138 ], [ -94.827565, 43.501424 ], [ -94.502342, 43.501478 ], [ -94.177114, 43.501533 ], [ -93.851913, 43.501577 ], [ -93.526712, 43.501632 ], [ -93.20149, 43.501687 ], [ -92.876261, 43.501742 ], [ -92.551066, 43.501786 ], [ -92.225838, 43.501841 ], [ -91.900609, 43.501896 ], [ -91.575414, 43.50194 ], [ -91.245253, 43.502412 ], [ -91.238277, 43.440241 ], [ -91.218688, 43.395285 ], [ -91.178357, 43.358931 ], [ -91.117196, 43.331157 ], [ -91.106968, 43.278028 ], [ -91.147585, 43.199585 ], [ -91.161328, 43.102334 ], [ -91.148156, 42.986209 ], [ -91.117592, 42.881652 ], [ -91.069582, 42.788554 ], [ -90.959949, 42.72034 ], [ -90.788749, 42.676933 ], [ -90.687873, 42.610322 ], [ -90.657331, 42.520509 ], [ -90.650585, 42.512984 ], [ -90.589633, 42.444802 ], [ -90.484735, 42.383257 ], [ -90.425036, 42.325656 ], [ -90.41049, 42.272075 ], [ -90.346571, 42.214837 ], [ -90.233214, 42.154016 ], [ -90.167516, 42.100304 ], [ -90.149433, 42.053711 ], [ -90.152443, 41.98152 ], [ -90.176613, 41.883643 ], [ -90.217768, 41.81311 ], [ -90.276006, 41.770011 ], [ -90.319237, 41.709652 ], [ -90.347527, 41.632034 ], [ -90.43667, 41.560359 ], [ -90.586732, 41.494727 ], [ -90.754065, 41.449826 ], [ -90.938756, 41.42559 ], [ -91.048114, 41.369098 ], [ -91.082106, 41.280318 ], [ -91.066505, 41.205907 ], [ -91.001334, 41.145966 ], [ -90.963827, 41.082531 ], [ -90.954005, 41.01558 ], [ -91.000126, 40.904684 ], [ -91.102134, 40.749788 ], [ -91.215128, 40.649559 ], [ -91.339043, 40.603977 ], [ -91.394184, 40.536653 ], [ -91.380539, 40.447554 ], [ -91.390778, 40.397127 ], [ -91.441952, 40.37945 ] ] ] ] } },
{ "type": "Feature", "properties": { "name": "Idaho" }, "geometry": { "type": "MultiPolygon", "coordinates": [ [ [ [ -117.039054, 48.993083 ], [ -116.717028, 48.993083 ], [ -116.290649, 48.993083 ], [ -116.048494, 48.993083 ], [ -116.048389, 48.746637 ], [ -116.048598, 48.499313 ], [ -116.048801, 48.251989 ], [ -116.04901, 48.00472 ], [ -115.941443, 47.904107 ], [ -115.862149, 47.842408 ], [ -115.811244, 47.775951 ], [ -115.733757, 47.706342 ], [ -115.718382, 47.68148 ], [ -115.690867, 47.606652 ], [ -115.710862, 47.552599 ], [ -115.66968, 47.497854 ], [ -115.676887, 47.470564 ], [ -115.708022, 47.456798 ], [ -115.714454, 47.45225 ], [ -115.713317, 47.446746 ], [ -115.702468, 47.437594 ], [ -115.593325, 47.384915 ], [ -115.485994, 47.311636 ], [ -115.349467, 47.261176 ], [ -115.306675, 47.231172 ], [ -115.126636, 47.084593 ], [ -115.033516, 46.990934 ], [ -114.935694, 46.922819 ], [ -114.886937, 46.844871 ], [ -114.786066, 46.776756 ], [ -114.760715, 46.742292 ], [ -114.753689, 46.734568 ], [ -114.740302, 46.733634 ], [ -114.678032, 46.750169 ], [ -114.661623, 46.745544 ], [ -114.630648, 46.718572 ], [ -114.624006, 46.677615 ], [ -114.60155, 46.660334 ], [ -114.562999, 46.650435 ], [ -114.518664, 46.647743 ], [ -114.380917, 46.667639 ], [ -114.350897, 46.667639 ], [ -114.336868, 46.659224 ], [ -114.330122, 46.637647 ], [ -114.332061, 46.601392 ], [ -114.345805, 46.550591 ], [ -114.387042, 46.499955 ], [ -114.38022, 46.453033 ], [ -114.41275, 46.343631 ], [ -114.444248, 46.270714 ], [ -114.446599, 46.199325 ], [ -114.485359, 46.158214 ], [ -114.463578, 46.109765 ], [ -114.478306, 46.035585 ], [ -114.464792, 46.016414 ], [ -114.415903, 45.982159 ], [ -114.396787, 45.89095 ], [ -114.405131, 45.874251 ], [ -114.492566, 45.838732 ], [ -114.522537, 45.815133 ], [ -114.533699, 45.78201 ], [ -114.495796, 45.685846 ], [ -114.532617, 45.633024 ], [ -114.537346, 45.587398 ], [ -114.529233, 45.575719 ], [ -114.448434, 45.551253 ], [ -114.350562, 45.497145 ], [ -114.319191, 45.48573 ], [ -114.297641, 45.487565 ], [ -114.256146, 45.505648 ], [ -114.210234, 45.542442 ], [ -114.116619, 45.579103 ], [ -114.006393, 45.658457 ], [ -114.000708, 45.680628 ], [ -113.991924, 45.69302 ], [ -113.977818, 45.69235 ], [ -113.942651, 45.681507 ], [ -113.872915, 45.63354 ], [ -113.812814, 45.606986 ], [ -113.802273, 45.601098 ], [ -113.796642, 45.587661 ], [ -113.799614, 45.540189 ], [ -113.76615, 45.502517 ], [ -113.756097, 45.44084 ], [ -113.721941, 45.379273 ], [ -113.697112, 45.304983 ], [ -113.606573, 45.209105 ], [ -113.557404, 45.140419 ], [ -113.503582, 45.109284 ], [ -113.471079, 45.072853 ], [ -113.447129, 45.029084 ], [ -113.438136, 44.993971 ], [ -113.469294, 44.929976 ], [ -113.460796, 44.90362 ], [ -113.432138, 44.874165 ], [ -113.338891, 44.808072 ], [ -113.320418, 44.802534 ], [ -113.234269, 44.809873 ], [ -113.18717, 44.798579 ], [ -113.140709, 44.765489 ], [ -113.09327, 44.715336 ], [ -113.062706, 44.665073 ], [ -113.05428, 44.605187 ], [ -113.006379, 44.539137 ], [ -112.999689, 44.48036 ], [ -112.970075, 44.454499 ], [ -112.910392, 44.419331 ], [ -112.853856, 44.398325 ], [ -112.831351, 44.396623 ], [ -112.815514, 44.405972 ], [ -112.810163, 44.438162 ], [ -112.787142, 44.463079 ], [ -112.715928, 44.498037 ], [ -112.648236, 44.497104 ], [ -112.392848, 44.467957 ], [ -112.375385, 44.470022 ], [ -112.36386, 44.479558 ], [ -112.320036, 44.53315 ], [ -112.285077, 44.553947 ], [ -112.23131, 44.560692 ], [ -112.074211, 44.547619 ], [ -111.89208, 44.554925 ], [ -111.797098, 44.539895 ], [ -111.659302, 44.559605 ], [ -111.499857, 44.54485 ], [ -111.47934, 44.553716 ], [ -111.474506, 44.564615 ], [ -111.488821, 44.584544 ], [ -111.491046, 44.624226 ], [ -111.459109, 44.671017 ], [ -111.4481, 44.711117 ], [ -111.41557, 44.733551 ], [ -111.372525, 44.74624 ], [ -111.337463, 44.744812 ], [ -111.304081, 44.723312 ], [ -111.265118, 44.687552 ], [ -111.197574, 44.590586 ], [ -111.160934, 44.555836 ], [ -111.11722, 44.525349 ], [ -111.051434, 44.498883 ], [ -111.051357, 44.342768 ], [ -111.05128, 44.186652 ], [ -111.051225, 44.030547 ], [ -111.051148, 43.874398 ], [ -111.051071, 43.718261 ], [ -111.051022, 43.562145 ], [ -111.050945, 43.406029 ], [ -111.050862, 43.249892 ], [ -111.050785, 43.093754 ], [ -111.050708, 42.937638 ], [ -111.050659, 42.781522 ], [ -111.050582, 42.625385 ], [ -111.050505, 42.469247 ], [ -111.05045, 42.313131 ], [ -111.050373, 42.157016 ], [ -111.050296, 42.000878 ], [ -111.237311, 42.0009 ], [ -111.424331, 42.0009 ], [ -111.611346, 42.000922 ], [ -111.798367, 42.000955 ], [ -111.985381, 42.000955 ], [ -112.172396, 42.000977 ], [ -112.359416, 42.000999 ], [ -112.546431, 42.000999 ], [ -112.733451, 42.000999 ], [ -112.920466, 42.001032 ], [ -113.107481, 42.001054 ], [ -113.294501, 42.001054 ], [ -113.481516, 42.001054 ], [ -113.668536, 42.001076 ], [ -113.855551, 42.001109 ], [ -114.042593, 42.001109 ], [ -114.414354, 42.001054 ], [ -114.786115, 42.000977 ], [ -115.157876, 42.0009 ], [ -115.529637, 42.000845 ], [ -115.901398, 42.000768 ], [ -116.273153, 42.000691 ], [ -116.644914, 42.000636 ], [ -117.016675, 42.000559 ], [ -117.017114, 42.223779 ], [ -117.017581, 42.446967 ], [ -117.018021, 42.670165 ], [ -117.01846, 42.893352 ], [ -117.0189, 43.11654 ], [ -117.019339, 43.339727 ], [ -117.0198, 43.562925 ], [ -117.02024, 43.808437 ], [ -117.020498, 43.813194 ], [ -116.957634, 43.964135 ], [ -116.943967, 44.037677 ], [ -116.960683, 44.079118 ], [ -116.949779, 44.119009 ], [ -116.91131, 44.157406 ], [ -116.91242, 44.199473 ], [ -116.95319, 44.245308 ], [ -117.028952, 44.275542 ], [ -117.139744, 44.290264 ], [ -117.197312, 44.3438 ], [ -117.201701, 44.436206 ], [ -117.118919, 44.578314 ], [ -116.948955, 44.770114 ], [ -116.855857, 44.90574 ], [ -116.839553, 44.98516 ], [ -116.737342, 45.168841 ], [ -116.549157, 45.456737 ], [ -116.477043, 45.641088 ], [ -116.520917, 45.721914 ], [ -116.616827, 45.79917 ], [ -116.764725, 45.87291 ], [ -116.869194, 45.958483 ], [ -116.896479, 46.002099 ], [ -116.930196, 46.055954 ], [ -116.947845, 46.124322 ], [ -116.92211, 46.163642 ], [ -116.942962, 46.232108 ], [ -117.010396, 46.329623 ], [ -117.038999, 46.396552 ], [ -117.032462, 46.419755 ], [ -117.025046, 46.429159 ], [ -117.025848, 46.589461 ], [ -117.026678, 46.749751 ], [ -117.027502, 46.910053 ], [ -117.028331, 47.070354 ], [ -117.029155, 47.230656 ], [ -117.029985, 47.390957 ], [ -117.030809, 47.551259 ], [ -117.031638, 47.71156 ], [ -117.032462, 47.871862 ], [ -117.033292, 48.032163 ], [ -117.034116, 48.192454 ], [ -117.034918, 48.352756 ], [ -117.03572, 48.513057 ], [ -117.036544, 48.673359 ], [ -117.037373, 48.83366 ], [ -117.039054, 48.993083 ] ] ] ] } },
{ "type": "Feature", "properties": { "name": "Illinois" }, "geometry": { "type": "MultiPolygon", "coordinates": [ [ [ [ -91.441952, 40.37945 ], [ -91.390778, 40.397127 ], [ -91.380539, 40.447554 ], [ -91.394184, 40.536653 ], [ -91.339043, 40.603977 ], [ -91.215128, 40.649559 ], [ -91.102134, 40.749788 ], [ -91.000126, 40.904684 ], [ -90.954005, 41.01558 ], [ -90.963827, 41.082531 ], [ -91.001334, 41.145966 ], [ -91.066505, 41.205907 ], [ -91.082106, 41.280318 ], [ -91.048114, 41.369098 ], [ -90.938756, 41.42559 ], [ -90.754065, 41.449826 ], [ -90.586732, 41.494727 ], [ -90.43667, 41.560359 ], [ -90.347527, 41.632034 ], [ -90.319237, 41.709652 ], [ -90.276006, 41.770011 ], [ -90.217768, 41.81311 ], [ -90.176613, 41.883643 ], [ -90.152443, 41.98152 ], [ -90.149433, 42.053711 ], [ -90.167516, 42.100304 ], [ -90.233214, 42.154016 ], [ -90.346571, 42.214837 ], [ -90.41049, 42.272075 ], [ -90.425036, 42.325656 ], [ -90.484735, 42.383257 ], [ -90.589633, 42.444802 ], [ -90.650585, 42.512984 ], [ -90.191049, 42.510303 ], [ -89.740796, 42.507798 ], [ -89.290521, 42.505315 ], [ -88.840236, 42.50281 ], [ -88.38995, 42.500305 ], [ -87.939664, 42.497822 ], [ -87.489412, 42.495318 ], [ -87.039126, 42.492802 ], [ -87.084675, 42.309791 ], [ -87.130203, 42.126781 ], [ -87.17573, 41.943749 ], [ -87.221257, 41.760728 ], [ -87.371408, 41.760761 ], [ -87.521085, 41.760761 ], [ -87.522536, 41.460988 ], [ -87.524008, 41.161237 ], [ -87.52548, 40.861486 ], [ -87.52693, 40.561713 ], [ -87.528369, 40.26194 ], [ -87.529819, 39.962189 ], [ -87.53127, 39.662438 ], [ -87.532742, 39.379144 ], [ -87.532918, 39.37486 ], [ -87.579115, 39.343977 ], [ -87.611052, 39.291353 ], [ -87.602912, 39.234147 ], [ -87.614985, 39.193289 ], [ -87.647285, 39.168745 ], [ -87.631696, 39.106705 ], [ -87.568294, 39.00718 ], [ -87.530281, 38.908897 ], [ -87.51768, 38.811821 ], [ -87.529457, 38.742289 ], [ -87.583773, 38.67937 ], [ -87.635958, 38.542612 ], [ -87.680662, 38.487988 ], [ -87.735231, 38.469905 ], [ -87.784065, 38.419104 ], [ -87.827164, 38.335564 ], [ -87.872955, 38.295024 ], [ -87.921427, 38.297507 ], [ -87.957265, 38.282214 ], [ -87.980413, 38.249189 ], [ -87.97749, 38.21444 ], [ -87.948552, 38.178009 ], [ -87.958056, 38.144292 ], [ -88.006022, 38.113278 ], [ -88.005143, 38.098402 ], [ -87.990256, 38.089305 ], [ -87.996046, 38.074419 ], [ -88.026127, 38.059587 ], [ -88.044518, 38.013291 ], [ -88.042496, 37.93665 ], [ -88.059108, 37.898363 ], [ -88.091122, 37.896649 ], [ -88.095319, 37.875566 ], [ -88.041991, 37.788851 ], [ -88.073247, 37.770922 ], [ -88.128959, 37.69951 ], [ -88.140385, 37.620651 ], [ -88.107514, 37.534353 ], [ -88.190504, 37.464557 ], [ -88.389335, 37.411262 ], [ -88.494672, 37.364285 ], [ -88.506603, 37.323591 ], [ -88.492782, 37.261551 ], [ -88.453275, 37.178143 ], [ -88.446244, 37.120421 ], [ -88.471666, 37.088385 ], [ -88.613808, 37.110083 ], [ -88.872602, 37.185537 ], [ -89.046207, 37.182977 ], [ -89.134603, 37.102469 ], [ -89.165069, 37.041561 ], [ -89.154313, 36.992112 ], [ -89.224911, 37.052679 ], [ -89.272394, 37.07998 ], [ -89.281469, 37.077794 ], [ -89.291675, 37.070653 ], [ -89.295817, 37.051636 ], [ -89.293246, 37.038177 ], [ -89.285885, 37.022698 ], [ -89.290016, 37.012777 ], [ -89.300827, 37.012052 ], [ -89.35188, 37.035519 ], [ -89.413942, 37.102415 ], [ -89.486913, 37.212739 ], [ -89.502931, 37.300509 ], [ -89.461974, 37.36568 ], [ -89.461974, 37.434125 ], [ -89.502931, 37.5058 ], [ -89.523421, 37.575947 ], [ -89.523421, 37.644524 ], [ -89.623286, 37.747257 ], [ -89.822963, 37.884092 ], [ -89.969828, 37.968533 ], [ -90.063871, 38.000525 ], [ -90.173581, 38.069047 ], [ -90.299, 38.173999 ], [ -90.365775, 38.254254 ], [ -90.373993, 38.309757 ], [ -90.316601, 38.457809 ], [ -90.150751, 38.780532 ], [ -90.132195, 38.818644 ], [ -90.126768, 38.832618 ], [ -90.134206, 38.84667 ], [ -90.149916, 38.859897 ], [ -90.220075, 38.897679 ], [ -90.35435, 38.93021 ], [ -90.477968, 38.948118 ], [ -90.577075, 38.909611 ], [ -90.663527, 38.987493 ], [ -90.737223, 39.181797 ], [ -90.919376, 39.386901 ], [ -91.209899, 39.602804 ], [ -91.378737, 39.749406 ], [ -91.425868, 39.826815 ], [ -91.466814, 39.942864 ], [ -91.501652, 40.097529 ], [ -91.499784, 40.226025 ], [ -91.441952, 40.37945 ] ] ] ] } },
{ "type": "Feature", "properties": { "name": "Indiana" }, "geometry": { "type": "MultiPolygon", "coordinates": [ [ [ [ -88.041991, 37.788851 ], [ -88.095319, 37.875566 ], [ -88.091122, 37.896649 ], [ -88.059108, 37.898363 ], [ -88.042496, 37.93665 ], [ -88.044518, 38.013291 ], [ -88.026127, 38.059587 ], [ -87.996046, 38.074419 ], [ -87.990256, 38.089305 ], [ -88.005143, 38.098402 ], [ -88.006022, 38.113278 ], [ -87.958056, 38.144292 ], [ -87.948552, 38.178009 ], [ -87.97749, 38.21444 ], [ -87.980413, 38.249189 ], [ -87.957265, 38.282214 ], [ -87.921427, 38.297507 ], [ -87.872955, 38.295024 ], [ -87.827164, 38.335564 ], [ -87.784065, 38.419104 ], [ -87.735231, 38.469905 ], [ -87.680662, 38.487988 ], [ -87.635958, 38.542612 ], [ -87.583773, 38.67937 ], [ -87.529457, 38.742289 ], [ -87.51768, 38.811821 ], [ -87.530281, 38.908897 ], [ -87.568294, 39.00718 ], [ -87.631696, 39.106705 ], [ -87.647285, 39.168745 ], [ -87.614985, 39.193289 ], [ -87.602912, 39.234147 ], [ -87.611052, 39.291353 ], [ -87.579115, 39.343977 ], [ -87.532918, 39.37486 ], [ -87.532742, 39.379144 ], [ -87.53127, 39.662438 ], [ -87.529819, 39.962189 ], [ -87.528369, 40.26194 ], [ -87.52693, 40.561713 ], [ -87.52548, 40.861486 ], [ -87.524008, 41.161237 ], [ -87.522536, 41.460988 ], [ -87.521085, 41.760761 ], [ -87.371408, 41.760761 ], [ -87.221257, 41.760728 ], [ -86.918156, 41.760607 ], [ -86.615043, 41.760497 ], [ -86.31193, 41.760376 ], [ -86.008828, 41.760244 ], [ -85.705715, 41.760112 ], [ -85.402614, 41.759981 ], [ -85.099501, 41.75986 ], [ -84.796399, 41.759728 ], [ -84.796113, 41.701434 ], [ -84.799552, 41.376052 ], [ -84.802958, 41.05067 ], [ -84.806397, 40.725321 ], [ -84.809835, 40.399939 ], [ -84.813263, 40.074557 ], [ -84.816702, 39.749197 ], [ -84.82014, 39.423826 ], [ -84.821711, 39.091984 ], [ -84.837422, 39.082678 ], [ -84.860603, 39.039711 ], [ -84.835488, 38.99604 ], [ -84.836598, 38.960565 ], [ -84.863888, 38.933231 ], [ -84.854165, 38.912896 ], [ -84.807451, 38.899536 ], [ -84.78962, 38.868379 ], [ -84.800739, 38.819391 ], [ -84.901241, 38.769568 ], [ -85.093898, 38.71356 ], [ -85.135525, 38.697256 ], [ -85.16989, 38.690378 ], [ -85.186117, 38.693663 ], [ -85.18604, 38.693663 ], [ -85.211122, 38.704122 ], [ -85.24663, 38.72704 ], [ -85.306747, 38.737191 ], [ -85.405426, 38.729962 ], [ -85.444779, 38.683095 ], [ -85.424828, 38.596588 ], [ -85.458677, 38.530209 ], [ -85.546326, 38.484011 ], [ -85.608904, 38.423026 ], [ -85.646422, 38.347297 ], [ -85.706287, 38.301353 ], [ -85.788453, 38.285214 ], [ -85.854932, 38.215033 ], [ -85.905678, 38.090909 ], [ -85.961159, 38.014016 ], [ -86.021331, 37.984353 ], [ -86.103442, 37.991868 ], [ -86.207527, 38.036571 ], [ -86.267622, 38.082582 ], [ -86.28375, 38.129867 ], [ -86.3146, 38.163771 ], [ -86.342659, 38.178734 ], [ -86.361445, 38.178987 ], [ -86.362522, 38.172109 ], [ -86.354952, 38.15886 ], [ -86.365137, 38.1446 ], [ -86.429627, 38.139689 ], [ -86.457378, 38.120155 ], [ -86.448336, 38.085966 ], [ -86.462542, 38.061763 ], [ -86.499961, 38.047502 ], [ -86.519857, 38.01484 ], [ -86.522186, 37.963732 ], [ -86.548641, 37.917062 ], [ -86.599233, 37.874797 ], [ -86.673128, 37.889036 ], [ -86.770335, 37.959777 ], [ -86.86908, 37.976135 ], [ -86.96944, 37.938046 ], [ -87.044268, 37.886443 ], [ -87.093563, 37.821283 ], [ -87.141035, 37.805243 ], [ -87.209403, 37.854846 ], [ -87.372385, 37.923478 ], [ -87.457288, 37.938101 ], [ -87.518449, 37.921566 ], [ -87.561449, 37.929059 ], [ -87.576171, 37.947758 ], [ -87.587388, 37.95569 ], [ -87.599407, 37.946472 ], [ -87.600802, 37.886729 ], [ -87.615392, 37.848936 ], [ -87.643253, 37.833038 ], [ -87.664567, 37.845541 ], [ -87.67942, 37.886366 ], [ -87.714456, 37.899604 ], [ -87.769651, 37.885234 ], [ -87.825253, 37.891431 ], [ -87.874428, 37.915743 ], [ -87.892116, 37.912986 ], [ -87.906002, 37.901824 ], [ -87.902069, 37.85511 ], [ -87.912484, 37.81769 ], [ -87.938115, 37.793817 ], [ -87.974546, 37.788027 ], [ -88.021776, 37.800431 ], [ -88.041991, 37.788851 ] ] ] ] } },
{ "type": "Feature", "properties": { "name": "Kansas" }, "geometry": { "type": "MultiPolygon", "coordinates": [ [ [ [ -102.012783, 37.000846 ], [ -102.013536, 37.188372 ], [ -102.014261, 37.375853 ], [ -102.014981, 37.56339 ], [ -102.015706, 37.750927 ], [ -102.016431, 37.93843 ], [ -102.017178, 38.125945 ], [ -102.017925, 38.31347 ], [ -102.01865, 38.500985 ], [ -102.019375, 38.688489 ], [ -102.0201, 38.876025 ], [ -102.02082, 39.063529 ], [ -102.021572, 39.251044 ], [ -102.022319, 39.43858 ], [ -102.023045, 39.626084 ], [ -102.02377, 39.813588 ], [ -102.024489, 40.001124 ], [ -101.814892, 40.001124 ], [ -101.605289, 40.001124 ], [ -101.395692, 40.001124 ], [ -101.18609, 40.001124 ], [ -100.976492, 40.001124 ], [ -100.766895, 40.001124 ], [ -100.557293, 40.001124 ], [ -100.347695, 40.001124 ], [ -100.138093, 40.001124 ], [ -99.928495, 40.001124 ], [ -99.718893, 40.001124 ], [ -99.509296, 40.001124 ], [ -99.299693, 40.001124 ], [ -99.090096, 40.001124 ], [ -98.880499, 40.001124 ], [ -98.670896, 40.001124 ], [ -98.461299, 40.001124 ], [ -98.251696, 40.001124 ], [ -98.042099, 40.001124 ], [ -97.832496, 40.001124 ], [ -97.622899, 40.001124 ], [ -97.413296, 40.001124 ], [ -97.203699, 40.001124 ], [ -96.994102, 40.001124 ], [ -96.784499, 40.001124 ], [ -96.574902, 40.001124 ], [ -96.3653, 40.001124 ], [ -96.155702, 40.001124 ], [ -95.9461, 40.001124 ], [ -95.736503, 40.001124 ], [ -95.526905, 40.001124 ], [ -95.34668, 40.001487 ], [ -95.116203, 39.87209 ], [ -95.055537, 39.870794 ], [ -94.984016, 39.891162 ], [ -94.929936, 39.861499 ], [ -94.893296, 39.781815 ], [ -94.898597, 39.741144 ], [ -94.945827, 39.739485 ], [ -95.004764, 39.691552 ], [ -95.075356, 39.597377 ], [ -95.057937, 39.508959 ], [ -94.952518, 39.426375 ], [ -94.882294, 39.343131 ], [ -94.847203, 39.259152 ], [ -94.777852, 39.193992 ], [ -94.622384, 39.124404 ], [ -94.624527, 39.086062 ], [ -94.624115, 38.955764 ], [ -94.62373, 38.825433 ], [ -94.62334, 38.695103 ], [ -94.622928, 38.564783 ], [ -94.622511, 38.434452 ], [ -94.622099, 38.304121 ], [ -94.621687, 38.17379 ], [ -94.621297, 38.04347 ], [ -94.620912, 37.91314 ], [ -94.6205, 37.782809 ], [ -94.620083, 37.652478 ], [ -94.619671, 37.522158 ], [ -94.619259, 37.391827 ], [ -94.618869, 37.261497 ], [ -94.618484, 37.131166 ], [ -94.618067, 37.000846 ], [ -94.849164, 37.000846 ], [ -95.08024, 37.000846 ], [ -95.31131, 37.000846 ], [ -95.542407, 37.000846 ], [ -95.773504, 37.000846 ], [ -96.004574, 37.000846 ], [ -96.235644, 37.000846 ], [ -96.466742, 37.000846 ], [ -96.697839, 37.000846 ], [ -96.928909, 37.000846 ], [ -97.159979, 37.000846 ], [ -97.391077, 37.000846 ], [ -97.622174, 37.000846 ], [ -97.853244, 37.000846 ], [ -98.084319, 37.000846 ], [ -98.315417, 37.000846 ], [ -98.546514, 37.000846 ], [ -98.777584, 37.000846 ], [ -99.008654, 37.000846 ], [ -99.239752, 37.000846 ], [ -99.470849, 37.000846 ], [ -99.701919, 37.000846 ], [ -99.932989, 37.000846 ], [ -100.164086, 37.000846 ], [ -100.395184, 37.000846 ], [ -100.626254, 37.000846 ], [ -100.857329, 37.000846 ], [ -101.088421, 37.000846 ], [ -101.319518, 37.000846 ], [ -101.550616, 37.000846 ], [ -101.781713, 37.000846 ], [ -102.012783, 37.000846 ] ] ] ] } },
{ "type": "Feature", "properties": { "name": "Kentucky" }, "geometry": { "type": "MultiPolygon", "coordinates": [ [ [ [ -89.154313, 36.992112 ], [ -89.165069, 37.041561 ], [ -89.134603, 37.102469 ], [ -89.046207, 37.182977 ], [ -88.872602, 37.185537 ], [ -88.613808, 37.110083 ], [ -88.471666, 37.088385 ], [ -88.446244, 37.120421 ], [ -88.453275, 37.178143 ], [ -88.492782, 37.261551 ], [ -88.506603, 37.323591 ], [ -88.494672, 37.364285 ], [ -88.389335, 37.411262 ], [ -88.190504, 37.464557 ], [ -88.107514, 37.534353 ], [ -88.140385, 37.620651 ], [ -88.128959, 37.69951 ], [ -88.073247, 37.770922 ], [ -88.041991, 37.788851 ], [ -88.021776, 37.800431 ], [ -87.974546, 37.788027 ], [ -87.938115, 37.793817 ], [ -87.912484, 37.81769 ], [ -87.902069, 37.85511 ], [ -87.906002, 37.901824 ], [ -87.892116, 37.912986 ], [ -87.874428, 37.915743 ], [ -87.825253, 37.891431 ], [ -87.769651, 37.885234 ], [ -87.714456, 37.899604 ], [ -87.67942, 37.886366 ], [ -87.664567, 37.845541 ], [ -87.643253, 37.833038 ], [ -87.615392, 37.848936 ], [ -87.600802, 37.886729 ], [ -87.599407, 37.946472 ], [ -87.587388, 37.95569 ], [ -87.576171, 37.947758 ], [ -87.561449, 37.929059 ], [ -87.518449, 37.921566 ], [ -87.457288, 37.938101 ], [ -87.372385, 37.923478 ], [ -87.209403, 37.854846 ], [ -87.141035, 37.805243 ], [ -87.093563, 37.821283 ], [ -87.044268, 37.886443 ], [ -86.96944, 37.938046 ], [ -86.86908, 37.976135 ], [ -86.770335, 37.959777 ], [ -86.673128, 37.889036 ], [ -86.599233, 37.874797 ], [ -86.548641, 37.917062 ], [ -86.522186, 37.963732 ], [ -86.519857, 38.01484 ], [ -86.499961, 38.047502 ], [ -86.462542, 38.061763 ], [ -86.448336, 38.085966 ], [ -86.457378, 38.120155 ], [ -86.429627, 38.139689 ], [ -86.365137, 38.1446 ], [ -86.354952, 38.15886 ], [ -86.362522, 38.172109 ], [ -86.361445, 38.178987 ], [ -86.342659, 38.178734 ], [ -86.3146, 38.163771 ], [ -86.28375, 38.129867 ], [ -86.267622, 38.082582 ], [ -86.207527, 38.036571 ], [ -86.103442, 37.991868 ], [ -86.021331, 37.984353 ], [ -85.961159, 38.014016 ], [ -85.905678, 38.090909 ], [ -85.854932, 38.215033 ], [ -85.788453, 38.285214 ], [ -85.706287, 38.301353 ], [ -85.646422, 38.347297 ], [ -85.608904, 38.423026 ], [ -85.546326, 38.484011 ], [ -85.458677, 38.530209 ], [ -85.424828, 38.596588 ], [ -85.444779, 38.683095 ], [ -85.405426, 38.729962 ], [ -85.306747, 38.737191 ], [ -85.24663, 38.72704 ], [ -85.211122, 38.704122 ], [ -85.18604, 38.693663 ], [ -85.186117, 38.693663 ], [ -85.16989, 38.690378 ], [ -85.135525, 38.697256 ], [ -85.093898, 38.71356 ], [ -84.901241, 38.769568 ], [ -84.800739, 38.819391 ], [ -84.78962, 38.868379 ], [ -84.807451, 38.899536 ], [ -84.854165, 38.912896 ], [ -84.863888, 38.933231 ], [ -84.836598, 38.960565 ], [ -84.835488, 38.99604 ], [ -84.860603, 39.039711 ], [ -84.837422, 39.082678 ], [ -84.821711, 39.091984 ], [ -84.765901, 39.124998 ], [ -84.706948, 39.128909 ], [ -84.660542, 39.094467 ], [ -84.594547, 39.085776 ], [ -84.508865, 39.102838 ], [ -84.43006, 39.090896 ], [ -84.358022, 39.049917 ], [ -84.290435, 38.974705 ], [ -84.227285, 38.865204 ], [ -84.113236, 38.798385 ], [ -83.948386, 38.774226 ], [ -83.828086, 38.731226 ], [ -83.752269, 38.669373 ], [ -83.689878, 38.649531 ], [ -83.616313, 38.682776 ], [ -83.538387, 38.69986 ], [ -83.460582, 38.679502 ], [ -83.35697, 38.627405 ], [ -83.203469, 38.638907 ], [ -83.000068, 38.713999 ], [ -82.880438, 38.710253 ], [ -82.844623, 38.627668 ], [ -82.758226, 38.541162 ], [ -82.621282, 38.450679 ], [ -82.612778, 38.448218 ], [ -82.589498, 38.420345 ], [ -82.578413, 38.272085 ], [ -82.585389, 38.24273 ], [ -82.619546, 38.182008 ], [ -82.617711, 38.149873 ], [ -82.588773, 38.099742 ], [ -82.482195, 37.983551 ], [ -82.47189, 37.938408 ], [ -82.4299, 37.894177 ], [ -82.393876, 37.828314 ], [ -82.280244, 37.687184 ], [ -82.103463, 37.570575 ], [ -81.965277, 37.539725 ], [ -82.343207, 37.296927 ], [ -82.516505, 37.208839 ], [ -82.681586, 37.13812 ], [ -82.69489, 37.126156 ], [ -82.731892, 37.048076 ], [ -82.832021, 36.979269 ], [ -82.894501, 36.906374 ], [ -83.043816, 36.845554 ], [ -83.150218, 36.762333 ], [ -83.41689, 36.681012 ], [ -83.566183, 36.652623 ], [ -83.667521, 36.60503 ], [ -83.675376, 36.602723 ], [ -83.683231, 36.600449 ], [ -83.691086, 36.598175 ], [ -83.698942, 36.595901 ], [ -83.706797, 36.593638 ], [ -83.714652, 36.591363 ], [ -83.722507, 36.589089 ], [ -83.730385, 36.586815 ], [ -84.07752, 36.596582 ], [ -84.424688, 36.606316 ], [ -84.771845, 36.616061 ], [ -85.11898, 36.625828 ], [ -85.466126, 36.635594 ], [ -85.813283, 36.645339 ], [ -86.160451, 36.655073 ], [ -86.507586, 36.66484 ], [ -86.84046, 36.659622 ], [ -87.173357, 36.654403 ], [ -87.506254, 36.649185 ], [ -87.839151, 36.643966 ], [ -87.868715, 36.675046 ], [ -87.956298, 36.681968 ], [ -88.091122, 36.6928 ], [ -88.096297, 36.693009 ], [ -88.056713, 36.59032 ], [ -88.05601, 36.500946 ], [ -88.059108, 36.499683 ], [ -88.215509, 36.499737 ], [ -88.388214, 36.499759 ], [ -88.560919, 36.499792 ], [ -88.733646, 36.499836 ], [ -88.906373, 36.499891 ], [ -89.079079, 36.499913 ], [ -89.251784, 36.499946 ], [ -89.450329, 36.500023 ], [ -89.397462, 36.587793 ], [ -89.351309, 36.611205 ], [ -89.330534, 36.615907 ], [ -89.280128, 36.600043 ], [ -89.256123, 36.594407 ], [ -89.203048, 36.62552 ], [ -89.156334, 36.715718 ], [ -89.129517, 36.811057 ], [ -89.122486, 36.911593 ], [ -89.154313, 36.992112 ] ] ], [ [ [ -89.487221, 36.503066 ], [ -89.557313, 36.501078 ], [ -89.560038, 36.513097 ], [ -89.55549, 36.540771 ], [ -89.549645, 36.553065 ], [ -89.535582, 36.555284 ], [ -89.51952, 36.554823 ], [ -89.496834, 36.528829 ], [ -89.487221, 36.503066 ] ] ] ] } },
{ "type": "Feature", "properties": { "name": "Louisiana" }, "geometry": { "type": "MultiPolygon", "coordinates": [ [ [ [ -94.041307, 33.011996 ], [ -93.861631, 33.012193 ], [ -93.681949, 33.012402 ], [ -93.502273, 33.012611 ], [ -93.322619, 33.012842 ], [ -93.142965, 33.013072 ], [ -92.963284, 33.013281 ], [ -92.783608, 33.01349 ], [ -92.603927, 33.013699 ], [ -92.424251, 33.013907 ], [ -92.244569, 33.014105 ], [ -92.064899, 33.014314 ], [ -91.885207, 33.014544 ], [ -91.705536, 33.014786 ], [ -91.525855, 33.014984 ], [ -91.346173, 33.015193 ], [ -91.149958, 33.015918 ], [ -91.144179, 32.966875 ], [ -91.096081, 32.937684 ], [ -91.093378, 32.885027 ], [ -91.13606, 32.808847 ], [ -91.135587, 32.755783 ], [ -91.092082, 32.725857 ], [ -91.094356, 32.69426 ], [ -91.142421, 32.661026 ], [ -91.14965, 32.625013 ], [ -91.11612, 32.586231 ], [ -91.100816, 32.541374 ], [ -91.103815, 32.490497 ], [ -91.059276, 32.423755 ], [ -90.990019, 32.381051 ], [ -90.9447, 32.330711 ], [ -90.940437, 32.303092 ], [ -90.937647, 32.277329 ], [ -90.947721, 32.240074 ], [ -91.004597, 32.185582 ], [ -91.048158, 32.145921 ], [ -91.074591, 32.131321 ], [ -91.088698, 32.10414 ], [ -91.092543, 32.045847 ], [ -91.156527, 31.970689 ], [ -91.286496, 31.883974 ], [ -91.37253, 31.773716 ], [ -91.414706, 31.639979 ], [ -91.459091, 31.554978 ], [ -91.505728, 31.518701 ], [ -91.529008, 31.448751 ], [ -91.528953, 31.345194 ], [ -91.558693, 31.287911 ], [ -91.61825, 31.276958 ], [ -91.630807, 31.217599 ], [ -91.596365, 31.109911 ], [ -91.611043, 31.0649 ], [ -91.652615, 31.029557 ], [ -91.656449, 31.001805 ], [ -91.417123, 31.001256 ], [ -91.176885, 31.001234 ], [ -90.936614, 31.001212 ], [ -90.696343, 31.001212 ], [ -90.456105, 31.001212 ], [ -90.215834, 31.001157 ], [ -89.975563, 31.001157 ], [ -89.735314, 31.001157 ], [ -89.764933, 30.886075 ], [ -89.835366, 30.730816 ], [ -89.838124, 30.690431 ], [ -89.819733, 30.639861 ], [ -89.819997, 30.611208 ], [ -89.794003, 30.568933 ], [ -89.736632, 30.526613 ], [ -89.685766, 30.462684 ], [ -89.640777, 30.348921 ], [ -89.628988, 30.296186 ], [ -89.591657, 30.223017 ], [ -89.572486, 30.209164 ], [ -89.545075, 30.200693 ], [ -89.520861, 30.192629 ], [ -89.588482, 30.165965 ], [ -89.954249, 30.268742 ], [ -90.045216, 30.351404 ], [ -90.125966, 30.369102 ], [ -90.225282, 30.379287 ], [ -90.332003, 30.277586 ], [ -90.413061, 30.140301 ], [ -90.284982, 30.065089 ], [ -90.175338, 30.029098 ], [ -89.994196, 30.059255 ], [ -89.894044, 30.125865 ], [ -89.81224, 30.12369 ], [ -89.773118, 30.137236 ], [ -89.737434, 30.171986 ], [ -89.66755, 30.14452 ], [ -89.665067, 30.117054 ], [ -89.714704, 30.078294 ], [ -89.77726, 30.045709 ], [ -89.815185, 30.007268 ], [ -89.743817, 29.929858 ], [ -89.63168, 29.903831 ], [ -89.589514, 29.915049 ], [ -89.563389, 30.002093 ], [ -89.49445, 30.058167 ], [ -89.400736, 30.04605 ], [ -89.414052, 30.010882 ], [ -89.400912, 29.977682 ], [ -89.357846, 29.921014 ], [ -89.362811, 29.839781 ], [ -89.354462, 29.820226 ], [ -89.455415, 29.784388 ], [ -89.530661, 29.772215 ], [ -89.590888, 29.725271 ], [ -89.559313, 29.698036 ], [ -89.62065, 29.674129 ], [ -89.662123, 29.683687 ], [ -89.682942, 29.674854 ], [ -89.689215, 29.646048 ], [ -89.720878, 29.619308 ], [ -89.674801, 29.538668 ], [ -89.580341, 29.486054 ], [ -89.513676, 29.42007 ], [ -89.245686, 29.333202 ], [ -89.180779, 29.335706 ], [ -89.116828, 29.248211 ], [ -89.065335, 29.218142 ], [ -89.015753, 29.202871 ], [ -89.021378, 29.142721 ], [ -89.109511, 29.098665 ], [ -89.13334, 29.04614 ], [ -89.15551, 29.016631 ], [ -89.195248, 29.053984 ], [ -89.236095, 29.08112 ], [ -89.330556, 28.998701 ], [ -89.376149, 28.981331 ], [ -89.353539, 29.070244 ], [ -89.389223, 29.105016 ], [ -89.443144, 29.194137 ], [ -89.521762, 29.249277 ], [ -89.577155, 29.267514 ], [ -89.620265, 29.302396 ], [ -89.672472, 29.316502 ], [ -89.716967, 29.31291 ], [ -89.792377, 29.333202 ], [ -89.797354, 29.380641 ], [ -89.818283, 29.416137 ], [ -89.877246, 29.458017 ], [ -90.159068, 29.537141 ], [ -90.160792, 29.504402 ], [ -90.141259, 29.479748 ], [ -90.100807, 29.463324 ], [ -90.052335, 29.431408 ], [ -90.052797, 29.336838 ], [ -90.073748, 29.29676 ], [ -90.082713, 29.239763 ], [ -90.101367, 29.181788 ], [ -90.135864, 29.136074 ], [ -90.212802, 29.104939 ], [ -90.246706, 29.131009 ], [ -90.301615, 29.255814 ], [ -90.379201, 29.295112 ], [ -90.502511, 29.299759 ], [ -90.586249, 29.271546 ], [ -90.677501, 29.15062 ], [ -90.751022, 29.130888 ], [ -91.002763, 29.19351 ], [ -91.290132, 29.288993 ], [ -91.282716, 29.320743 ], [ -91.237497, 29.330971 ], [ -91.15076, 29.317898 ], [ -91.155385, 29.350692 ], [ -91.243979, 29.457325 ], [ -91.260238, 29.505456 ], [ -91.248845, 29.564189 ], [ -91.277729, 29.562871 ], [ -91.330924, 29.513575 ], [ -91.514198, 29.555378 ], [ -91.56479, 29.605322 ], [ -91.672467, 29.74609 ], [ -91.824386, 29.750693 ], [ -91.893172, 29.836013 ], [ -92.017328, 29.800296 ], [ -92.080214, 29.760713 ], [ -92.135475, 29.699475 ], [ -92.113986, 29.667702 ], [ -92.058878, 29.617187 ], [ -92.084037, 29.59282 ], [ -92.260824, 29.55685 ], [ -92.671317, 29.597082 ], [ -92.791332, 29.634655 ], [ -92.952408, 29.714185 ], [ -93.175705, 29.778961 ], [ -93.283189, 29.789398 ], [ -93.388455, 29.776577 ], [ -93.694842, 29.769919 ], [ -93.765901, 29.752704 ], [ -93.826463, 29.725139 ], [ -93.86574, 29.755626 ], [ -93.883878, 29.810019 ], [ -93.848321, 29.81883 ], [ -93.808814, 29.850811 ], [ -93.773081, 29.914038 ], [ -93.769049, 29.952303 ], [ -93.79401, 29.977264 ], [ -93.726933, 30.077108 ], [ -93.710629, 30.112813 ], [ -93.720967, 30.282904 ], [ -93.750394, 30.344713 ], [ -93.746626, 30.380363 ], [ -93.715205, 30.473253 ], [ -93.720215, 30.558265 ], [ -93.665206, 30.660768 ], [ -93.624721, 30.714348 ], [ -93.579194, 30.823805 ], [ -93.568675, 30.894655 ], [ -93.549196, 30.947719 ], [ -93.562654, 31.004903 ], [ -93.530591, 31.04619 ], [ -93.551443, 31.104066 ], [ -93.557749, 31.180421 ], [ -93.596992, 31.209754 ], [ -93.665882, 31.322584 ], [ -93.663657, 31.372198 ], [ -93.736057, 31.477667 ], [ -93.737578, 31.513812 ], [ -93.806902, 31.568799 ], [ -93.820652, 31.603966 ], [ -93.826798, 31.75026 ], [ -93.845585, 31.792942 ], [ -93.905065, 31.876998 ], [ -94.043301, 31.999232 ], [ -94.043064, 32.125838 ], [ -94.042806, 32.252423 ], [ -94.042548, 32.379007 ], [ -94.04229, 32.505614 ], [ -94.042032, 32.63222 ], [ -94.041801, 32.758805 ], [ -94.041565, 32.885378 ], [ -94.041307, 33.011996 ] ] ], [ [ [ -89.223955, 30.084051 ], [ -89.22044, 30.037601 ], [ -89.26945, 30.060727 ], [ -89.342003, 30.062848 ], [ -89.310055, 30.078712 ], [ -89.287643, 30.094181 ], [ -89.276481, 30.110825 ], [ -89.184679, 30.168679 ], [ -89.210673, 30.126228 ], [ -89.223955, 30.084051 ] ] ], [ [ [ -88.82747, 29.80769 ], [ -88.855661, 29.775863 ], [ -88.827986, 29.928353 ], [ -88.866867, 30.056717 ], [ -88.825888, 30.000368 ], [ -88.812583, 29.933363 ], [ -88.82747, 29.80769 ] ] ], [ [ [ -88.889301, 29.712581 ], [ -88.943584, 29.660232 ], [ -88.941101, 29.680205 ], [ -88.901155, 29.732632 ], [ -88.872656, 29.752989 ], [ -88.889301, 29.712581 ] ] ], [ [ [ -91.79369, 29.500732 ], [ -91.830846, 29.486472 ], [ -91.996234, 29.57311 ], [ -92.006649, 29.610288 ], [ -91.925032, 29.643928 ], [ -91.875231, 29.640984 ], [ -91.796503, 29.59695 ], [ -91.767675, 29.584712 ], [ -91.754315, 29.566881 ], [ -91.761885, 29.538997 ], [ -91.79369, 29.500732 ] ] ] ] } },
{ "type": "Feature", "properties": { "name": "Massachusetts" }, "geometry": { "type": "MultiPolygon", "coordinates": [ [ [ [ -71.800836, 42.011963 ], [ -71.801638, 42.022708 ], [ -71.921136, 42.024125 ], [ -72.040634, 42.025553 ], [ -72.160133, 42.02697 ], [ -72.279642, 42.028388 ], [ -72.39914, 42.029816 ], [ -72.518638, 42.031233 ], [ -72.638115, 42.03265 ], [ -72.757624, 42.034079 ], [ -72.763326, 42.011238 ], [ -72.806458, 42.00803 ], [ -72.8077, 42.034079 ], [ -72.8918, 42.036759 ], [ -72.975922, 42.039451 ], [ -73.060034, 42.042132 ], [ -73.144134, 42.044823 ], [ -73.228234, 42.047515 ], [ -73.312346, 42.050195 ], [ -73.396468, 42.052887 ], [ -73.480568, 42.055568 ], [ -73.507287, 42.080012 ], [ -73.475537, 42.164047 ], [ -73.443808, 42.24807 ], [ -73.412047, 42.332094 ], [ -73.380296, 42.416117 ], [ -73.348568, 42.500141 ], [ -73.316806, 42.584175 ], [ -73.285056, 42.668198 ], [ -73.253327, 42.752222 ], [ -73.155011, 42.749486 ], [ -73.056694, 42.74674 ], [ -72.95841, 42.744004 ], [ -72.860094, 42.741268 ], [ -72.761777, 42.738533 ], [ -72.663493, 42.735786 ], [ -72.565177, 42.733051 ], [ -72.46686, 42.730315 ], [ -72.324697, 42.726854 ], [ -72.182545, 42.723361 ], [ -72.040382, 42.719878 ], [ -71.898241, 42.716406 ], [ -71.75611, 42.712924 ], [ -71.613947, 42.70943 ], [ -71.471784, 42.705969 ], [ -71.329621, 42.702487 ], [ -71.242335, 42.729535 ], [ -71.139294, 42.808131 ], [ -71.076177, 42.825083 ], [ -70.974082, 42.871676 ], [ -70.923489, 42.881564 ], [ -70.806112, 42.876763 ], [ -70.829051, 42.825347 ], [ -70.800278, 42.77403 ], [ -70.781337, 42.72124 ], [ -70.735678, 42.669286 ], [ -70.696864, 42.664584 ], [ -70.65483, 42.673955 ], [ -70.62398, 42.671758 ], [ -70.604139, 42.649719 ], [ -70.61295, 42.623264 ], [ -70.661444, 42.616651 ], [ -70.75185, 42.570343 ], [ -70.831171, 42.552567 ], [ -70.870887, 42.496636 ], [ -70.930444, 42.431981 ], [ -71.046174, 42.331116 ], [ -70.996724, 42.299981 ], [ -70.817944, 42.264967 ], [ -70.73826, 42.228866 ], [ -70.617696, 42.040429 ], [ -70.645239, 42.021565 ], [ -70.656148, 41.987046 ], [ -70.548922, 41.938629 ], [ -70.514677, 41.803311 ], [ -70.426677, 41.7573 ], [ -70.295467, 41.728955 ], [ -70.135012, 41.769857 ], [ -70.001407, 41.826184 ], [ -70.006109, 41.872327 ], [ -70.090034, 41.979707 ], [ -70.110238, 42.030145 ], [ -70.172585, 42.062808 ], [ -70.196228, 42.035111 ], [ -70.236536, 42.071026 ], [ -70.241085, 42.091229 ], [ -70.203489, 42.101018 ], [ -70.159852, 42.097118 ], [ -70.108941, 42.078309 ], [ -69.977896, 41.961261 ], [ -69.941586, 41.807859 ], [ -69.933841, 41.710421 ], [ -69.94864, 41.677144 ], [ -69.986751, 41.683966 ], [ -70.059514, 41.677352 ], [ -70.40466, 41.626892 ], [ -70.481356, 41.582453 ], [ -70.657126, 41.534234 ], [ -70.668057, 41.558294 ], [ -70.655346, 41.608106 ], [ -70.666453, 41.710114 ], [ -70.701126, 41.714849 ], [ -70.974246, 41.548527 ], [ -71.079792, 41.53809 ], [ -71.16854, 41.489409 ], [ -71.188414, 41.516403 ], [ -71.204278, 41.641131 ], [ -71.148731, 41.74572 ], [ -71.178339, 41.744072 ], [ -71.233765, 41.706554 ], [ -71.267889, 41.75084 ], [ -71.304737, 41.774658 ], [ -71.340728, 41.797916 ], [ -71.339487, 41.835171 ], [ -71.33763, 41.891443 ], [ -71.379071, 41.902407 ], [ -71.383927, 41.971731 ], [ -71.387135, 42.016863 ], [ -71.462534, 42.015962 ], [ -71.524134, 42.015237 ], [ -71.623242, 42.014028 ], [ -71.725821, 42.012864 ], [ -71.800836, 42.011963 ] ] ], [ [ [ -70.509898, 41.376338 ], [ -70.785314, 41.327449 ], [ -70.829183, 41.359002 ], [ -70.760485, 41.373602 ], [ -70.673715, 41.448529 ], [ -70.615993, 41.457208 ], [ -70.525356, 41.41479 ], [ -70.509898, 41.376338 ] ] ], [ [ [ -69.97794, 41.265596 ], [ -70.055097, 41.249468 ], [ -70.233076, 41.286338 ], [ -70.086617, 41.317561 ], [ -70.0627, 41.328482 ], [ -70.043605, 41.374426 ], [ -70.041199, 41.397476 ], [ -69.985598, 41.298621 ], [ -69.97794, 41.265596 ] ] ] ] } },
{ "type": "Feature", "properties": { "name": "Maryland" }, "geometry": { "type": "MultiPolygon", "coordinates": [ [ [ [ -77.030361, 38.889253 ], [ -77.019737, 38.806526 ], [ -76.931242, 38.88822 ], [ -76.988789, 38.952347 ], [ -77.042116, 39.011783 ], [ -77.122053, 38.943536 ], [ -77.1903, 38.969047 ], [ -77.301086, 39.053378 ], [ -77.480921, 39.112957 ], [ -77.506454, 39.14262 ], [ -77.502938, 39.175282 ], [ -77.478856, 39.220864 ], [ -77.53415, 39.265612 ], [ -77.668821, 39.309535 ], [ -77.726642, 39.346438 ], [ -77.739045, 39.354337 ], [ -77.744835, 39.400106 ], [ -77.762358, 39.429242 ], [ -77.791703, 39.441777 ], [ -77.797438, 39.461465 ], [ -77.779585, 39.488337 ], [ -77.798141, 39.517275 ], [ -77.853072, 39.548334 ], [ -77.872167, 39.575778 ], [ -77.855423, 39.599706 ], [ -77.883252, 39.610714 ], [ -77.955707, 39.608803 ], [ -78.027195, 39.631226 ], [ -78.097782, 39.677885 ], [ -78.181135, 39.68574 ], [ -78.325364, 39.639213 ], [ -78.406761, 39.627864 ], [ -78.442698, 39.601464 ], [ -78.460265, 39.556134 ], [ -78.495542, 39.533348 ], [ -78.574962, 39.532854 ], [ -78.587497, 39.534436 ], [ -78.677673, 39.54952 ], [ -78.741669, 39.577898 ], [ -78.753402, 39.589522 ], [ -78.746459, 39.613702 ], [ -78.758214, 39.624766 ], [ -78.77777, 39.626622 ], [ -78.796172, 39.612626 ], [ -78.814794, 39.570087 ], [ -78.971481, 39.453643 ], [ -79.046748, 39.476791 ], [ -79.075345, 39.475989 ], [ -79.293556, 39.311578 ], [ -79.35977, 39.285354 ], [ -79.487981, 39.210911 ], [ -79.485344, 39.33889 ], [ -79.48274, 39.466837 ], [ -79.480126, 39.594817 ], [ -79.4775, 39.722797 ], [ -79.24671, 39.722775 ], [ -79.015898, 39.722742 ], [ -78.785086, 39.72272 ], [ -78.554297, 39.722687 ], [ -78.323507, 39.722665 ], [ -78.092695, 39.722643 ], [ -77.861883, 39.72261 ], [ -77.631094, 39.722588 ], [ -77.400304, 39.722566 ], [ -77.169492, 39.722533 ], [ -76.93868, 39.722511 ], [ -76.707901, 39.722489 ], [ -76.477112, 39.722456 ], [ -76.246322, 39.722434 ], [ -76.015532, 39.722379 ], [ -75.78472, 39.722357 ], [ -75.77503, 39.563945 ], [ -75.765318, 39.405555 ], [ -75.755606, 39.247144 ], [ -75.745883, 39.088721 ], [ -75.736172, 38.930309 ], [ -75.72646, 38.771897 ], [ -75.716748, 38.613485 ], [ -75.707025, 38.455073 ], [ -75.704729, 38.455073 ], [ -75.702433, 38.45504 ], [ -75.700125, 38.455018 ], [ -75.697829, 38.455018 ], [ -75.695533, 38.455018 ], [ -75.693226, 38.455018 ], [ -75.690908, 38.455018 ], [ -75.688601, 38.455018 ], [ -75.587856, 38.454996 ], [ -75.366273, 38.454919 ], [ -75.144657, 38.454865 ], [ -75.037661, 38.45559 ], [ -75.038748, 38.426366 ], [ -75.051251, 38.383036 ], [ -75.074355, 38.365721 ], [ -75.073399, 38.410007 ], [ -75.089747, 38.42541 ], [ -75.116751, 38.406206 ], [ -75.134242, 38.384321 ], [ -75.141482, 38.298123 ], [ -75.160005, 38.255056 ], [ -75.225428, 38.24229 ], [ -75.291786, 38.129197 ], [ -75.35354, 38.065015 ], [ -75.375963, 38.024991 ], [ -75.469424, 38.014939 ], [ -75.620002, 37.999207 ], [ -75.659256, 37.953965 ], [ -75.735161, 37.973707 ], [ -75.850814, 37.971554 ], [ -75.829039, 38.03277 ], [ -75.795344, 38.086669 ], [ -75.855626, 38.140359 ], [ -75.89131, 38.147236 ], [ -75.92807, 38.169242 ], [ -75.88497, 38.213945 ], [ -75.863921, 38.26123 ], [ -75.876764, 38.318744 ], [ -75.858702, 38.362074 ], [ -75.888827, 38.355515 ], [ -75.937276, 38.30968 ], [ -75.967401, 38.291355 ], [ -75.985715, 38.331949 ], [ -76.006677, 38.322776 ], [ -76.020311, 38.294871 ], [ -76.051216, 38.279545 ], [ -76.116485, 38.317689 ], [ -76.211671, 38.361327 ], [ -76.264647, 38.436418 ], [ -76.29487, 38.494657 ], [ -76.264175, 38.599972 ], [ -76.198388, 38.618682 ], [ -76.112948, 38.601576 ], [ -76.000942, 38.60173 ], [ -76.016927, 38.625109 ], [ -76.05695, 38.621263 ], [ -76.174987, 38.706682 ], [ -76.212967, 38.758285 ], [ -76.278314, 38.772468 ], [ -76.308098, 38.722854 ], [ -76.341178, 38.709648 ], [ -76.30032, 38.818204 ], [ -76.24697, 38.822643 ], [ -76.168132, 38.852745 ], [ -76.19105, 38.915554 ], [ -76.240818, 38.943075 ], [ -76.330664, 38.908611 ], [ -76.329598, 38.952787 ], [ -76.312756, 39.009356 ], [ -76.245003, 39.009191 ], [ -76.18571, 38.990745 ], [ -76.135195, 39.082107 ], [ -76.132943, 39.122965 ], [ -76.216845, 39.063639 ], [ -76.235698, 39.191619 ], [ -76.153125, 39.315039 ], [ -76.074364, 39.368861 ], [ -75.975981, 39.367257 ], [ -75.875984, 39.375991 ], [ -75.938716, 39.398579 ], [ -76.003106, 39.410851 ], [ -75.954734, 39.459608 ], [ -75.913447, 39.468342 ], [ -75.872929, 39.510892 ], [ -75.9704, 39.504564 ], [ -75.958919, 39.58505 ], [ -76.006314, 39.568691 ], [ -76.063004, 39.561122 ], [ -76.085064, 39.526998 ], [ -76.080725, 39.470309 ], [ -76.097259, 39.433098 ], [ -76.141369, 39.403226 ], [ -76.215813, 39.379946 ], [ -76.223042, 39.420332 ], [ -76.247662, 39.438602 ], [ -76.256814, 39.352173 ], [ -76.276369, 39.322741 ], [ -76.330818, 39.403897 ], [ -76.347198, 39.387549 ], [ -76.345045, 39.364522 ], [ -76.358976, 39.324685 ], [ -76.405689, 39.303877 ], [ -76.402778, 39.252824 ], [ -76.420883, 39.224995 ], [ -76.570407, 39.269336 ], [ -76.573923, 39.254318 ], [ -76.489383, 39.158693 ], [ -76.427607, 39.126041 ], [ -76.42006, 39.073889 ], [ -76.47308, 39.030614 ], [ -76.546248, 39.067979 ], [ -76.558553, 39.06521 ], [ -76.518783, 39.001182 ], [ -76.493778, 38.945217 ], [ -76.519508, 38.898328 ], [ -76.515553, 38.840606 ], [ -76.521112, 38.7883 ], [ -76.536877, 38.742618 ], [ -76.501314, 38.532175 ], [ -76.458501, 38.47497 ], [ -76.416412, 38.420236 ], [ -76.394088, 38.368973 ], [ -76.438736, 38.361536 ], [ -76.509895, 38.403646 ], [ -76.572429, 38.435792 ], [ -76.646894, 38.538525 ], [ -76.659188, 38.579559 ], [ -76.677326, 38.611958 ], [ -76.668548, 38.537515 ], [ -76.641983, 38.454348 ], [ -76.408766, 38.268262 ], [ -76.365721, 38.196895 ], [ -76.332905, 38.140776 ], [ -76.341178, 38.087031 ], [ -76.401943, 38.125066 ], [ -76.454425, 38.173538 ], [ -76.593589, 38.228315 ], [ -76.769161, 38.262933 ], [ -76.868115, 38.390298 ], [ -76.867752, 38.337146 ], [ -76.889747, 38.29208 ], [ -76.95026, 38.347045 ], [ -76.988393, 38.393879 ], [ -77.001181, 38.445251 ], [ -77.076712, 38.441758 ], [ -77.155902, 38.397109 ], [ -77.23252, 38.407711 ], [ -77.241584, 38.494811 ], [ -77.220919, 38.540953 ], [ -77.134929, 38.650125 ], [ -77.053894, 38.705803 ], [ -77.018188, 38.777742 ], [ -77.030361, 38.889253 ] ] ], [ [ [ -75.225791, 38.040339 ], [ -75.252476, 38.03745 ], [ -75.225999, 38.072299 ], [ -75.137395, 38.240093 ], [ -75.097888, 38.298079 ], [ -75.13623, 38.180536 ], [ -75.203203, 38.072408 ], [ -75.225791, 38.040339 ] ] ] ] } },
{ "type": "Feature", "properties": { "name": "Maine" }, "geometry": { "type": "MultiPolygon", "coordinates": [ [ [ [ -69.05366, 47.294585 ], [ -69.048574, 47.273656 ], [ -69.00309, 47.236446 ], [ -68.937183, 47.211254 ], [ -68.887415, 47.202827 ], [ -68.828715, 47.203322 ], [ -68.668546, 47.253442 ], [ -68.480383, 47.285796 ], [ -68.376902, 47.316151 ], [ -68.358017, 47.344529 ], [ -68.310886, 47.354472 ], [ -68.235497, 47.345946 ], [ -68.096795, 47.274843 ], [ -67.934835, 47.167616 ], [ -67.806789, 47.082813 ], [ -67.802856, 46.935739 ], [ -67.800351, 46.779854 ], [ -67.797692, 46.61563 ], [ -67.795836, 46.498406 ], [ -67.792518, 46.337379 ], [ -67.789914, 46.209323 ], [ -67.786475, 46.042155 ], [ -67.78464, 45.952803 ], [ -67.767051, 45.926985 ], [ -67.777609, 45.891796 ], [ -67.782289, 45.874174 ], [ -67.781125, 45.860144 ], [ -67.774105, 45.842522 ], [ -67.775258, 45.81788 ], [ -67.791694, 45.795578 ], [ -67.799911, 45.76976 ], [ -67.802241, 45.727517 ], [ -67.78464, 45.70171 ], [ -67.755318, 45.686461 ], [ -67.730665, 45.686461 ], [ -67.698991, 45.67119 ], [ -67.657935, 45.644186 ], [ -67.595742, 45.62073 ], [ -67.531197, 45.612534 ], [ -67.486625, 45.618401 ], [ -67.43265, 45.603108 ], [ -67.413863, 45.56559 ], [ -67.424432, 45.530401 ], [ -67.454919, 45.513965 ], [ -67.48779, 45.501045 ], [ -67.493657, 45.474074 ], [ -67.477221, 45.445905 ], [ -67.453754, 45.421262 ], [ -67.427947, 45.377954 ], [ -67.438516, 45.340381 ], [ -67.461972, 45.308708 ], [ -67.472541, 45.275891 ], [ -67.452601, 45.247678 ], [ -67.399778, 45.21016 ], [ -67.36694, 45.173784 ], [ -67.315294, 45.153833 ], [ -67.290662, 45.167918 ], [ -67.270722, 45.186704 ], [ -67.249584, 45.200778 ], [ -67.213231, 45.192538 ], [ -67.170988, 45.182002 ], [ -67.124835, 45.169445 ], [ -67.130372, 45.139002 ], [ -67.102258, 45.08774 ], [ -67.08045, 44.98917 ], [ -67.113936, 44.94439 ], [ -67.106729, 44.885042 ], [ -67.014015, 44.867749 ], [ -66.991461, 44.849611 ], [ -66.987022, 44.827704 ], [ -67.191247, 44.675565 ], [ -67.364073, 44.696857 ], [ -67.457786, 44.656526 ], [ -67.556004, 44.644771 ], [ -67.59907, 44.576787 ], [ -67.652991, 44.562395 ], [ -67.726786, 44.566482 ], [ -67.790485, 44.585675 ], [ -67.839056, 44.576249 ], [ -67.907017, 44.45362 ], [ -67.962696, 44.464309 ], [ -67.984888, 44.420188 ], [ -68.01398, 44.400885 ], [ -68.056618, 44.384318 ], [ -68.093719, 44.438843 ], [ -68.117285, 44.490644 ], [ -68.152034, 44.502014 ], [ -68.198265, 44.515242 ], [ -68.245748, 44.514781 ], [ -68.277432, 44.507365 ], [ -68.316752, 44.473878 ], [ -68.373749, 44.445138 ], [ -68.416849, 44.469066 ], [ -68.450599, 44.507595 ], [ -68.47946, 44.445655 ], [ -68.521417, 44.380242 ], [ -68.514473, 44.303909 ], [ -68.532535, 44.258645 ], [ -68.572349, 44.27084 ], [ -68.612032, 44.310523 ], [ -68.72329, 44.342306 ], [ -68.811917, 44.339362 ], [ -68.793889, 44.381736 ], [ -68.710118, 44.442556 ], [ -68.735881, 44.454499 ], [ -68.777014, 44.44605 ], [ -68.794943, 44.454499 ], [ -68.765511, 44.509793 ], [ -68.76272, 44.570767 ], [ -68.800217, 44.549398 ], [ -68.84737, 44.485041 ], [ -68.961474, 44.433855 ], [ -68.956168, 44.348096 ], [ -69.063559, 44.172348 ], [ -69.06836, 44.097564 ], [ -69.137244, 44.037831 ], [ -69.226058, 43.986459 ], [ -69.344545, 44.000928 ], [ -69.434952, 43.956312 ], [ -69.480875, 43.905072 ], [ -69.520733, 43.897371 ], [ -69.541541, 43.962619 ], [ -69.556702, 43.982768 ], [ -69.58998, 43.886571 ], [ -69.623939, 43.880628 ], [ -69.636749, 43.948842 ], [ -69.652877, 43.993875 ], [ -69.699129, 43.955016 ], [ -69.729847, 43.851997 ], [ -69.762015, 43.860709 ], [ -69.772276, 43.89903 ], [ -69.795292, 43.910631 ], [ -69.803258, 43.866829 ], [ -69.791601, 43.805228 ], [ -69.808344, 43.772313 ], [ -69.840336, 43.789881 ], [ -69.872526, 43.819544 ], [ -69.925601, 43.797022 ], [ -69.974326, 43.78787 ], [ -69.974534, 43.818072 ], [ -69.965229, 43.855106 ], [ -70.062359, 43.834639 ], [ -70.178814, 43.76637 ], [ -70.269243, 43.671909 ], [ -70.237877, 43.656199 ], [ -70.202578, 43.626118 ], [ -70.359682, 43.480242 ], [ -70.520698, 43.348823 ], [ -70.642327, 43.134425 ], [ -70.691162, 43.109332 ], [ -70.733096, 43.070034 ], [ -70.812835, 43.163649 ], [ -70.829029, 43.23907 ], [ -70.919699, 43.328103 ], [ -70.955635, 43.389396 ], [ -70.967545, 43.458148 ], [ -70.962436, 43.532152 ], [ -70.970104, 43.643026 ], [ -70.977751, 43.753867 ], [ -70.985408, 43.864708 ], [ -70.993077, 43.975561 ], [ -71.000756, 44.086402 ], [ -71.008403, 44.197254 ], [ -71.016049, 44.308095 ], [ -71.023718, 44.418947 ], [ -71.031397, 44.529788 ], [ -71.039044, 44.64064 ], [ -71.04669, 44.751481 ], [ -71.05437, 44.862322 ], [ -71.062038, 44.973174 ], [ -71.069685, 45.084015 ], [ -71.077331, 45.194867 ], [ -71.084549, 45.294008 ], [ -71.060225, 45.309125 ], [ -70.999877, 45.337228 ], [ -70.960184, 45.333097 ], [ -70.926236, 45.290701 ], [ -70.89799, 45.262455 ], [ -70.865053, 45.270695 ], [ -70.836829, 45.310696 ], [ -70.837818, 45.366177 ], [ -70.79919, 45.404772 ], [ -70.7533, 45.410694 ], [ -70.710948, 45.409474 ], [ -70.689788, 45.428338 ], [ -70.692139, 45.455364 ], [ -70.70741, 45.498925 ], [ -70.702214, 45.551385 ], [ -70.596383, 45.643988 ], [ -70.466568, 45.706819 ], [ -70.421096, 45.73824 ], [ -70.407868, 45.801906 ], [ -70.333458, 45.868054 ], [ -70.296247, 45.906089 ], [ -70.28715, 45.939158 ], [ -70.306431, 45.979829 ], [ -70.30452, 46.057393 ], [ -70.278878, 46.149997 ], [ -70.248292, 46.250873 ], [ -70.17966, 46.341818 ], [ -70.067215, 46.441046 ], [ -70.038222, 46.571421 ], [ -70.00768, 46.708937 ], [ -69.871724, 46.842926 ], [ -69.71752, 46.994856 ], [ -69.629772, 47.081363 ], [ -69.471492, 47.238665 ], [ -69.358882, 47.350649 ], [ -69.302149, 47.401988 ], [ -69.242878, 47.462995 ], [ -69.146286, 47.444757 ], [ -69.050222, 47.426619 ], [ -69.064284, 47.338146 ], [ -69.05366, 47.294585 ] ] ], [ [ [ -68.187256, 44.332484 ], [ -68.24544, 44.313006 ], [ -68.30926, 44.321509 ], [ -68.307974, 44.268698 ], [ -68.315104, 44.249702 ], [ -68.38579, 44.276861 ], [ -68.411707, 44.294351 ], [ -68.409488, 44.364268 ], [ -68.347042, 44.430362 ], [ -68.299438, 44.456509 ], [ -68.238046, 44.438404 ], [ -68.190893, 44.364378 ], [ -68.187256, 44.332484 ] ] ], [ [ [ -68.623194, 44.196067 ], [ -68.661174, 44.17627 ], [ -68.701713, 44.182675 ], [ -68.703032, 44.232003 ], [ -68.690793, 44.248725 ], [ -68.67673, 44.256217 ], [ -68.655955, 44.242309 ], [ -68.623194, 44.196067 ] ] ] ] } },
{ "type": "Feature", "properties": { "name": "Michigan" }, "geometry": { "type": "MultiPolygon", "coordinates": [ [ [ [ -89.498383, 47.997897 ], [ -89.455646, 47.996216 ], [ -89.273174, 48.019969 ], [ -89.185635, 48.047434 ], [ -89.062599, 48.093808 ], [ -88.898705, 48.155716 ], [ -88.611764, 48.264008 ], [ -88.378195, 48.303097 ], [ -88.160665, 48.225402 ], [ -87.987466, 48.156902 ], [ -87.920493, 48.130392 ], [ -87.743888, 48.06053 ], [ -87.494246, 47.961752 ], [ -87.20803, 47.848505 ], [ -86.921825, 47.735225 ], [ -86.672172, 47.636425 ], [ -86.495567, 47.566585 ], [ -86.428572, 47.540075 ], [ -86.234498, 47.46005 ], [ -86.040403, 47.380026 ], [ -85.846329, 47.300013 ], [ -85.652256, 47.219988 ], [ -85.458193, 47.139964 ], [ -85.26412, 47.059939 ], [ -85.070046, 46.979926 ], [ -84.875973, 46.899901 ], [ -84.827062, 46.766857 ], [ -84.779414, 46.637284 ], [ -84.665782, 46.543252 ], [ -84.561753, 46.457372 ], [ -84.501581, 46.461866 ], [ -84.440497, 46.498142 ], [ -84.401715, 46.515611 ], [ -84.336709, 46.5185 ], [ -84.192173, 46.549558 ], [ -84.14948, 46.542769 ], [ -84.125222, 46.527234 ], [ -84.123179, 46.502954 ], [ -84.128145, 46.483597 ], [ -84.150469, 46.444793 ], [ -84.11517, 46.370811 ], [ -84.107776, 46.288622 ], [ -84.088407, 46.226527 ], [ -84.029202, 46.146997 ], [ -83.977786, 46.084914 ], [ -83.913043, 46.072895 ], [ -83.763201, 46.109073 ], [ -83.669301, 46.12274 ], [ -83.615951, 46.116829 ], [ -83.524764, 46.058711 ], [ -83.480149, 46.023753 ], [ -83.46947, 45.994683 ], [ -83.592693, 45.817155 ], [ -83.397312, 45.729044 ], [ -83.179288, 45.632771 ], [ -82.919352, 45.517975 ], [ -82.760424, 45.447718 ], [ -82.551079, 45.347357 ], [ -82.515242, 45.20437 ], [ -82.485062, 45.083762 ], [ -82.446588, 44.915507 ], [ -82.407389, 44.743933 ], [ -82.368278, 44.572986 ], [ -82.326804, 44.391558 ], [ -82.281222, 44.192233 ], [ -82.240792, 44.015353 ], [ -82.196605, 43.822213 ], [ -82.13785, 43.570879 ], [ -82.190376, 43.47409 ], [ -82.304766, 43.263229 ], [ -82.408191, 43.072638 ], [ -82.417233, 43.017377 ], [ -82.488347, 42.739511 ], [ -82.545322, 42.624682 ], [ -82.645133, 42.558049 ], [ -82.744197, 42.493483 ], [ -82.867749, 42.385213 ], [ -83.003683, 42.331731 ], [ -83.073138, 42.30031 ], [ -83.109525, 42.250707 ], [ -83.149669, 42.14192 ], [ -83.141946, 41.975862 ], [ -83.121665, 41.95 ], [ -83.30395, 41.837808 ], [ -83.464197, 41.739447 ], [ -83.797181, 41.729955 ], [ -84.130155, 41.720452 ], [ -84.463129, 41.710938 ], [ -84.796113, 41.701434 ], [ -84.796399, 41.759728 ], [ -85.099501, 41.75986 ], [ -85.402614, 41.759981 ], [ -85.705715, 41.760112 ], [ -86.008828, 41.760244 ], [ -86.31193, 41.760376 ], [ -86.615043, 41.760497 ], [ -86.918156, 41.760607 ], [ -87.221257, 41.760728 ], [ -87.17573, 41.943749 ], [ -87.130203, 42.126781 ], [ -87.084675, 42.309791 ], [ -87.039126, 42.492802 ], [ -87.079358, 42.782149 ], [ -87.113855, 43.03055 ], [ -87.15501, 43.326763 ], [ -87.145188, 43.571264 ], [ -87.141727, 43.657803 ], [ -87.083203, 43.890142 ], [ -87.03249, 44.091466 ], [ -86.918749, 44.361587 ], [ -86.822113, 44.591125 ], [ -86.7147, 44.846205 ], [ -86.535952, 45.041487 ], [ -86.401469, 45.133366 ], [ -86.264524, 45.226903 ], [ -86.481823, 45.323001 ], [ -86.77429, 45.452365 ], [ -86.942337, 45.452365 ], [ -87.115272, 45.452365 ], [ -87.244384, 45.289789 ], [ -87.419802, 45.183859 ], [ -87.45954, 45.067997 ], [ -87.653613, 45.121797 ], [ -87.694208, 45.161073 ], [ -87.71885, 45.201272 ], [ -87.720916, 45.242768 ], [ -87.66271, 45.345193 ], [ -87.657568, 45.361804 ], [ -87.664226, 45.371286 ], [ -87.696394, 45.382832 ], [ -87.768563, 45.364364 ], [ -87.84182, 45.360794 ], [ -87.86543, 45.367825 ], [ -87.874911, 45.385392 ], [ -87.874032, 45.412814 ], [ -87.859135, 45.445498 ], [ -87.815178, 45.505824 ], [ -87.814662, 45.563239 ], [ -87.794557, 45.596033 ], [ -87.814091, 45.657029 ], [ -87.809081, 45.686044 ], [ -87.839832, 45.717981 ], [ -87.922537, 45.759971 ], [ -88.116116, 45.815804 ], [ -88.096483, 45.878415 ], [ -88.104415, 45.905155 ], [ -88.151745, 45.945409 ], [ -88.35475, 45.992288 ], [ -88.492991, 46.013524 ], [ -88.62954, 46.014041 ], [ -88.727241, 46.031114 ], [ -88.837335, 46.036618 ], [ -88.907824, 46.064765 ], [ -88.978312, 46.092901 ], [ -89.0488, 46.121059 ], [ -89.119289, 46.149195 ], [ -89.244181, 46.173255 ], [ -89.369085, 46.197337 ], [ -89.493988, 46.221364 ], [ -89.618925, 46.245446 ], [ -89.743839, 46.269473 ], [ -89.868754, 46.293555 ], [ -89.993646, 46.317582 ], [ -90.11855, 46.341664 ], [ -90.14651, 46.383676 ], [ -90.174459, 46.425721 ], [ -90.20242, 46.467754 ], [ -90.23038, 46.509766 ], [ -90.28786, 46.527388 ], [ -90.318227, 46.536639 ], [ -90.34088, 46.558446 ], [ -90.39234, 46.548965 ], [ -90.412588, 46.585275 ], [ -90.355712, 46.673012 ], [ -90.298847, 46.760716 ], [ -90.242003, 46.848463 ], [ -90.185138, 46.9362 ], [ -90.128273, 47.023948 ], [ -90.07143, 47.111674 ], [ -90.014553, 47.199389 ], [ -89.957677, 47.287137 ], [ -89.842958, 47.464489 ], [ -89.728239, 47.641797 ], [ -89.61352, 47.81915 ], [ -89.498383, 47.997897 ] ] ] ] } },
{ "type": "Feature", "properties": { "name": "Minnesota" }, "geometry": { "type": "MultiPolygon", "coordinates": [ [ [ [ -97.225738, 48.993182 ], [ -97.103449, 48.993182 ], [ -96.677064, 48.993182 ], [ -96.250685, 48.993182 ], [ -95.8243, 48.993182 ], [ -95.39792, 48.993182 ], [ -95.162044, 48.991764 ], [ -95.158243, 49.203097 ], [ -95.155298, 49.369672 ], [ -94.93934, 49.349413 ], [ -94.874795, 49.319036 ], [ -94.854333, 49.304589 ], [ -94.860403, 49.2586 ], [ -94.842605, 49.119173 ], [ -94.803461, 49.002948 ], [ -94.712769, 48.863422 ], [ -94.71256, 48.863016 ], [ -94.705095, 48.808523 ], [ -94.675355, 48.774444 ], [ -94.620885, 48.742605 ], [ -94.414155, 48.704109 ], [ -94.055182, 48.659021 ], [ -93.851628, 48.607287 ], [ -93.803546, 48.548949 ], [ -93.70774, 48.525461 ], [ -93.564286, 48.536908 ], [ -93.463618, 48.561276 ], [ -93.377886, 48.616537 ], [ -93.257943, 48.628864 ], [ -93.155215, 48.625348 ], [ -93.051707, 48.619877 ], [ -92.996254, 48.611813 ], [ -92.836733, 48.56778 ], [ -92.732654, 48.531822 ], [ -92.583256, 48.465102 ], [ -92.500578, 48.43534 ], [ -92.46089, 48.365884 ], [ -92.414588, 48.276587 ], [ -92.34844, 48.276587 ], [ -92.298677, 48.328882 ], [ -92.171785, 48.338396 ], [ -92.005155, 48.301834 ], [ -91.8584, 48.197574 ], [ -91.647287, 48.104607 ], [ -91.518307, 48.058311 ], [ -91.38724, 48.058542 ], [ -91.220655, 48.104607 ], [ -91.043478, 48.193695 ], [ -90.916048, 48.209153 ], [ -90.840319, 48.200518 ], [ -90.797318, 48.131062 ], [ -90.744408, 48.104607 ], [ -90.607101, 48.112594 ], [ -90.320138, 48.09918 ], [ -90.091776, 48.118099 ], [ -90.039943, 48.078152 ], [ -89.993646, 48.01531 ], [ -89.901043, 47.995469 ], [ -89.77537, 48.01531 ], [ -89.550568, 47.999908 ], [ -89.498383, 47.997897 ], [ -89.61352, 47.81915 ], [ -89.728239, 47.641797 ], [ -89.842958, 47.464489 ], [ -89.957677, 47.287137 ], [ -90.131778, 47.292619 ], [ -90.305856, 47.298123 ], [ -90.479923, 47.303627 ], [ -90.654024, 47.309098 ], [ -90.8576, 47.213089 ], [ -91.061188, 47.117068 ], [ -91.264787, 47.021114 ], [ -91.468363, 46.925093 ], [ -91.59252, 46.876259 ], [ -91.716643, 46.827425 ], [ -91.840778, 46.77859 ], [ -91.964923, 46.729778 ], [ -92.093266, 46.761902 ], [ -92.125346, 46.763012 ], [ -92.194549, 46.706971 ], [ -92.224003, 46.671023 ], [ -92.291646, 46.660718 ], [ -92.291904, 46.516643 ], [ -92.29214, 46.372547 ], [ -92.292371, 46.22845 ], [ -92.292629, 46.084375 ], [ -92.325473, 46.069588 ], [ -92.367276, 46.035981 ], [ -92.424613, 46.027807 ], [ -92.693949, 45.909012 ], [ -92.738081, 45.874668 ], [ -92.786448, 45.795501 ], [ -92.874712, 45.706094 ], [ -92.89652, 45.658578 ], [ -92.892488, 45.594759 ], [ -92.757461, 45.543244 ], [ -92.707022, 45.493761 ], [ -92.682605, 45.433095 ], [ -92.685808, 45.380536 ], [ -92.753918, 45.277572 ], [ -92.76614, 45.236461 ], [ -92.759059, 45.11058 ], [ -92.79304, 45.071359 ], [ -92.765212, 44.96945 ], [ -92.763404, 44.934261 ], [ -92.784668, 44.822563 ], [ -92.799214, 44.790032 ], [ -92.7726, 44.732002 ], [ -92.769809, 44.72585 ], [ -92.643538, 44.645342 ], [ -92.537031, 44.600792 ], [ -92.441587, 44.586576 ], [ -92.366941, 44.552266 ], [ -92.313091, 44.497796 ], [ -92.240307, 44.462145 ], [ -92.148582, 44.445248 ], [ -92.055121, 44.39982 ], [ -91.912299, 44.288869 ], [ -91.840976, 44.194156 ], [ -91.716435, 44.126458 ], [ -91.514846, 44.054212 ], [ -91.382692, 43.990799 ], [ -91.319916, 43.936284 ], [ -91.278432, 43.797428 ], [ -91.245253, 43.502412 ], [ -91.575414, 43.50194 ], [ -91.900609, 43.501896 ], [ -92.225838, 43.501841 ], [ -92.551066, 43.501786 ], [ -92.876261, 43.501742 ], [ -93.20149, 43.501687 ], [ -93.526712, 43.501632 ], [ -93.851913, 43.501577 ], [ -94.177114, 43.501533 ], [ -94.502342, 43.501478 ], [ -94.827565, 43.501424 ], [ -95.152766, 43.50138 ], [ -95.477967, 43.501325 ], [ -95.80319, 43.50127 ], [ -96.128418, 43.501226 ], [ -96.453619, 43.501171 ], [ -96.453619, 43.725698 ], [ -96.453619, 43.950215 ], [ -96.453619, 44.174721 ], [ -96.453641, 44.399259 ], [ -96.453668, 44.623787 ], [ -96.453668, 44.848292 ], [ -96.453668, 45.072809 ], [ -96.453668, 45.297337 ], [ -96.529759, 45.371549 ], [ -96.696109, 45.431776 ], [ -96.737527, 45.467845 ], [ -96.81491, 45.557427 ], [ -96.845452, 45.595868 ], [ -96.85106, 45.626004 ], [ -96.813619, 45.659182 ], [ -96.662672, 45.755653 ], [ -96.614689, 45.799972 ], [ -96.591052, 45.843269 ], [ -96.556401, 45.942773 ], [ -96.57048, 46.019237 ], [ -96.560845, 46.138241 ], [ -96.591904, 46.227538 ], [ -96.598567, 46.271857 ], [ -96.61743, 46.327096 ], [ -96.730859, 46.472775 ], [ -96.758198, 46.59034 ], [ -96.786647, 46.648216 ], [ -96.795997, 46.797091 ], [ -96.792822, 46.839026 ], [ -96.770135, 46.919666 ], [ -96.818299, 46.974136 ], [ -96.825325, 47.018861 ], [ -96.847517, 47.373335 ], [ -96.862947, 47.423927 ], [ -96.858707, 47.588338 ], [ -96.94635, 47.761526 ], [ -96.988005, 47.820336 ], [ -97.009032, 47.891549 ], [ -97.007434, 47.925607 ], [ -97.078516, 48.04337 ], [ -97.125927, 48.173393 ], [ -97.121609, 48.286047 ], [ -97.136803, 48.371213 ], [ -97.131019, 48.437427 ], [ -97.143961, 48.536755 ], [ -97.12913, 48.593367 ], [ -97.128047, 48.681115 ], [ -97.225738, 48.993182 ] ] ] ] } },
{ "type": "Feature", "properties": { "name": "Missouri" }, "geometry": { "type": "MultiPolygon", "coordinates": [ [ [ [ -89.704772, 36.001573 ], [ -89.888178, 35.999332 ], [ -90.052489, 35.997135 ], [ -90.21679, 35.994938 ], [ -90.381068, 35.99274 ], [ -90.303043, 36.099374 ], [ -90.25255, 36.137738 ], [ -90.216164, 36.178409 ], [ -90.149279, 36.215928 ], [ -90.075659, 36.296721 ], [ -90.067057, 36.334272 ], [ -90.074473, 36.371835 ], [ -90.118078, 36.422537 ], [ -90.162243, 36.500869 ], [ -90.440746, 36.500869 ], [ -90.719239, 36.500869 ], [ -90.997753, 36.500869 ], [ -91.276256, 36.500869 ], [ -91.55476, 36.500869 ], [ -91.833285, 36.500869 ], [ -92.111789, 36.500869 ], [ -92.390298, 36.500869 ], [ -92.668806, 36.500869 ], [ -92.947321, 36.500869 ], [ -93.22583, 36.500869 ], [ -93.504339, 36.500869 ], [ -93.782848, 36.500869 ], [ -94.061357, 36.500869 ], [ -94.339871, 36.500869 ], [ -94.61838, 36.500869 ], [ -94.618303, 36.625883 ], [ -94.618226, 36.750863 ], [ -94.618149, 36.875832 ], [ -94.618067, 37.000846 ], [ -94.618484, 37.131166 ], [ -94.618869, 37.261497 ], [ -94.619259, 37.391827 ], [ -94.619671, 37.522158 ], [ -94.620083, 37.652478 ], [ -94.6205, 37.782809 ], [ -94.620912, 37.91314 ], [ -94.621297, 38.04347 ], [ -94.621687, 38.17379 ], [ -94.622099, 38.304121 ], [ -94.622511, 38.434452 ], [ -94.622928, 38.564783 ], [ -94.62334, 38.695103 ], [ -94.62373, 38.825433 ], [ -94.624115, 38.955764 ], [ -94.624527, 39.086062 ], [ -94.622384, 39.124404 ], [ -94.777852, 39.193992 ], [ -94.847203, 39.259152 ], [ -94.882294, 39.343131 ], [ -94.952518, 39.426375 ], [ -95.057937, 39.508959 ], [ -95.075356, 39.597377 ], [ -95.004764, 39.691552 ], [ -94.945827, 39.739485 ], [ -94.898597, 39.741144 ], [ -94.893296, 39.781815 ], [ -94.929936, 39.861499 ], [ -94.984016, 39.891162 ], [ -95.055537, 39.870794 ], [ -95.116203, 39.87209 ], [ -95.34668, 40.001487 ], [ -95.362467, 40.01032 ], [ -95.434296, 40.09598 ], [ -95.463652, 40.198065 ], [ -95.52122, 40.264577 ], [ -95.607106, 40.29547 ], [ -95.66157, 40.362761 ], [ -95.684696, 40.466362 ], [ -95.739551, 40.570853 ], [ -95.765029, 40.601868 ], [ -95.51543, 40.602944 ], [ -95.263146, 40.604395 ], [ -95.010888, 40.605845 ], [ -94.758631, 40.607284 ], [ -94.506369, 40.608734 ], [ -94.254112, 40.610184 ], [ -94.001855, 40.611635 ], [ -93.749598, 40.613074 ], [ -93.497335, 40.614524 ], [ -93.245078, 40.615974 ], [ -92.992821, 40.617413 ], [ -92.740564, 40.618864 ], [ -92.488301, 40.620314 ], [ -92.236044, 40.621764 ], [ -91.983787, 40.623203 ], [ -91.73153, 40.624653 ], [ -91.682047, 40.551869 ], [ -91.627423, 40.530753 ], [ -91.616855, 40.50688 ], [ -91.545487, 40.469318 ], [ -91.529931, 40.432316 ], [ -91.441952, 40.37945 ], [ -91.499784, 40.226025 ], [ -91.501652, 40.097529 ], [ -91.466814, 39.942864 ], [ -91.425868, 39.826815 ], [ -91.378737, 39.749406 ], [ -91.209899, 39.602804 ], [ -90.919376, 39.386901 ], [ -90.737223, 39.181797 ], [ -90.663527, 38.987493 ], [ -90.577075, 38.909611 ], [ -90.477968, 38.948118 ], [ -90.35435, 38.93021 ], [ -90.220075, 38.897679 ], [ -90.149916, 38.859897 ], [ -90.134206, 38.84667 ], [ -90.126768, 38.832618 ], [ -90.132195, 38.818644 ], [ -90.150751, 38.780532 ], [ -90.316601, 38.457809 ], [ -90.373993, 38.309757 ], [ -90.365775, 38.254254 ], [ -90.299, 38.173999 ], [ -90.173581, 38.069047 ], [ -90.063871, 38.000525 ], [ -89.969828, 37.968533 ], [ -89.822963, 37.884092 ], [ -89.623286, 37.747257 ], [ -89.523421, 37.644524 ], [ -89.523421, 37.575947 ], [ -89.502931, 37.5058 ], [ -89.461974, 37.434125 ], [ -89.461974, 37.36568 ], [ -89.502931, 37.300509 ], [ -89.486913, 37.212739 ], [ -89.413942, 37.102415 ], [ -89.35188, 37.035519 ], [ -89.300827, 37.012052 ], [ -89.290016, 37.012777 ], [ -89.285885, 37.022698 ], [ -89.293246, 37.038177 ], [ -89.295817, 37.051636 ], [ -89.291675, 37.070653 ], [ -89.281469, 37.077794 ], [ -89.272394, 37.07998 ], [ -89.224911, 37.052679 ], [ -89.154313, 36.992112 ], [ -89.122486, 36.911593 ], [ -89.129517, 36.811057 ], [ -89.156334, 36.715718 ], [ -89.203048, 36.62552 ], [ -89.256123, 36.594407 ], [ -89.280128, 36.600043 ], [ -89.330534, 36.615907 ], [ -89.351309, 36.611205 ], [ -89.397462, 36.587793 ], [ -89.450329, 36.500023 ], [ -89.451823, 36.497518 ], [ -89.471488, 36.488883 ], [ -89.485386, 36.498133 ], [ -89.487221, 36.503066 ], [ -89.496834, 36.528829 ], [ -89.51952, 36.554823 ], [ -89.535582, 36.555284 ], [ -89.549645, 36.553065 ], [ -89.55549, 36.540771 ], [ -89.560038, 36.513097 ], [ -89.557313, 36.501078 ], [ -89.540603, 36.426667 ], [ -89.55527, 36.372922 ], [ -89.604093, 36.351916 ], [ -89.611707, 36.321968 ], [ -89.583549, 36.287657 ], [ -89.583549, 36.272233 ], [ -89.594623, 36.259445 ], [ -89.627988, 36.255259 ], [ -89.654081, 36.247964 ], [ -89.674549, 36.220575 ], [ -89.63413, 36.167917 ], [ -89.641886, 36.104515 ], [ -89.697697, 36.030303 ], [ -89.704772, 36.001573 ] ] ] ] } },
{ "type": "Feature", "properties": { "name": "Mississippi" }, "geometry": { "type": "MultiPolygon", "coordinates": [ [ [ [ -88.173267, 34.999005 ], [ -88.084772, 34.933109 ], [ -88.088211, 34.909082 ], [ -88.089474, 34.893064 ], [ -88.095648, 34.846196 ], [ -88.12006, 34.66145 ], [ -88.144461, 34.476737 ], [ -88.168883, 34.292013 ], [ -88.193295, 34.107278 ], [ -88.217684, 33.922532 ], [ -88.242096, 33.737807 ], [ -88.266519, 33.553094 ], [ -88.290908, 33.368348 ], [ -88.315331, 33.183613 ], [ -88.339743, 32.998889 ], [ -88.364132, 32.814176 ], [ -88.388555, 32.62943 ], [ -88.412977, 32.444684 ], [ -88.437367, 32.25997 ], [ -88.461779, 32.075246 ], [ -88.48619, 31.890511 ], [ -88.475709, 31.702821 ], [ -88.465217, 31.515108 ], [ -88.454726, 31.327385 ], [ -88.444234, 31.139706 ], [ -88.433742, 30.952015 ], [ -88.423261, 30.764303 ], [ -88.412758, 30.576579 ], [ -88.399585, 30.370805 ], [ -88.692096, 30.355359 ], [ -88.819889, 30.406489 ], [ -88.872942, 30.416333 ], [ -88.905209, 30.415146 ], [ -89.054041, 30.368246 ], [ -89.223637, 30.332364 ], [ -89.263561, 30.343625 ], [ -89.320536, 30.345328 ], [ -89.443495, 30.223138 ], [ -89.520861, 30.192629 ], [ -89.545075, 30.200693 ], [ -89.572486, 30.209164 ], [ -89.591657, 30.223017 ], [ -89.628988, 30.296186 ], [ -89.640777, 30.348921 ], [ -89.685766, 30.462684 ], [ -89.736632, 30.526613 ], [ -89.794003, 30.568933 ], [ -89.819997, 30.611208 ], [ -89.819733, 30.639861 ], [ -89.838124, 30.690431 ], [ -89.835366, 30.730816 ], [ -89.764933, 30.886075 ], [ -89.735314, 31.001157 ], [ -89.975563, 31.001157 ], [ -90.215834, 31.001157 ], [ -90.456105, 31.001212 ], [ -90.696343, 31.001212 ], [ -90.936614, 31.001212 ], [ -91.176885, 31.001234 ], [ -91.417123, 31.001256 ], [ -91.656449, 31.001805 ], [ -91.652615, 31.029557 ], [ -91.611043, 31.0649 ], [ -91.596365, 31.109911 ], [ -91.630807, 31.217599 ], [ -91.61825, 31.276958 ], [ -91.558693, 31.287911 ], [ -91.528953, 31.345194 ], [ -91.529008, 31.448751 ], [ -91.505728, 31.518701 ], [ -91.459091, 31.554978 ], [ -91.414706, 31.639979 ], [ -91.37253, 31.773716 ], [ -91.286496, 31.883974 ], [ -91.156527, 31.970689 ], [ -91.092543, 32.045847 ], [ -91.088698, 32.10414 ], [ -91.074591, 32.131321 ], [ -91.048158, 32.145921 ], [ -91.004597, 32.185582 ], [ -90.947721, 32.240074 ], [ -90.937647, 32.277329 ], [ -90.940437, 32.303092 ], [ -90.9447, 32.330711 ], [ -90.990019, 32.381051 ], [ -91.059276, 32.423755 ], [ -91.103815, 32.490497 ], [ -91.100816, 32.541374 ], [ -91.11612, 32.586231 ], [ -91.14965, 32.625013 ], [ -91.142421, 32.661026 ], [ -91.094356, 32.69426 ], [ -91.092082, 32.725857 ], [ -91.135587, 32.755783 ], [ -91.13606, 32.808847 ], [ -91.093378, 32.885027 ], [ -91.096081, 32.937684 ], [ -91.144179, 32.966875 ], [ -91.149958, 33.015918 ], [ -91.152858, 33.040571 ], [ -91.106781, 33.217923 ], [ -91.117306, 33.240819 ], [ -91.163339, 33.294454 ], [ -91.168459, 33.35946 ], [ -91.141015, 33.438507 ], [ -91.15433, 33.500206 ], [ -91.192958, 33.52253 ], [ -91.202714, 33.546975 ], [ -91.214579, 33.583406 ], [ -91.172721, 33.616683 ], [ -91.17037, 33.647456 ], [ -91.207482, 33.675669 ], [ -91.184125, 33.71567 ], [ -91.100299, 33.767449 ], [ -91.077151, 33.796694 ], [ -91.052707, 33.827599 ], [ -91.038183, 33.901394 ], [ -91.05007, 33.945163 ], [ -91.070175, 33.9742 ], [ -91.060353, 33.989296 ], [ -91.043148, 34.002864 ], [ -90.943107, 34.029681 ], [ -90.914729, 34.048622 ], [ -90.908786, 34.071561 ], [ -90.940251, 34.128558 ], [ -90.90972, 34.188763 ], [ -90.817215, 34.25222 ], [ -90.768117, 34.308108 ], [ -90.762338, 34.356426 ], [ -90.718107, 34.391703 ], [ -90.635424, 34.413873 ], [ -90.584008, 34.503708 ], [ -90.563848, 34.661164 ], [ -90.53925, 34.72817 ], [ -90.497216, 34.738091 ], [ -90.47476, 34.760052 ], [ -90.467575, 34.805261 ], [ -90.41595, 34.851623 ], [ -90.31994, 34.899161 ], [ -90.282104, 34.945304 ], [ -90.293419, 34.970067 ], [ -90.293705, 35.001114 ], [ -90.038635, 35.00084 ], [ -89.772997, 35.000554 ], [ -89.507348, 35.000268 ], [ -89.241698, 34.999983 ], [ -88.97606, 34.999697 ], [ -88.710421, 34.999412 ], [ -88.444772, 34.999126 ], [ -88.173267, 34.999005 ] ] ], [ [ [ -88.558107, 30.215909 ], [ -88.570653, 30.204802 ], [ -88.659236, 30.225599 ], [ -88.713102, 30.244924 ], [ -88.722847, 30.264249 ], [ -88.573993, 30.229159 ], [ -88.558107, 30.215909 ] ] ] ] } },
{ "type": "Feature", "properties": { "name": "Montana" }, "geometry": { "type": "MultiPolygon", "coordinates": [ [ [ [ -114.062517, 48.993083 ], [ -113.732356, 48.993083 ], [ -113.305971, 48.993083 ], [ -112.879592, 48.993083 ], [ -112.453207, 48.993083 ], [ -112.026827, 48.993083 ], [ -111.600442, 48.993083 ], [ -111.174063, 48.993083 ], [ -110.747678, 48.993083 ], [ -110.321299, 48.993083 ], [ -109.999432, 48.993083 ], [ -109.894914, 48.993083 ], [ -109.468534, 48.993083 ], [ -109.042149, 48.993105 ], [ -108.61577, 48.993138 ], [ -108.189385, 48.993138 ], [ -107.763006, 48.993138 ], [ -107.336621, 48.993138 ], [ -106.910241, 48.993138 ], [ -106.483856, 48.993138 ], [ -106.057477, 48.993138 ], [ -105.631092, 48.993138 ], [ -105.204707, 48.993138 ], [ -104.778328, 48.993138 ], [ -104.351943, 48.993138 ], [ -104.033927, 48.993138 ], [ -104.031911, 48.803327 ], [ -104.030516, 48.612637 ], [ -104.029121, 48.421958 ], [ -104.027725, 48.231269 ], [ -104.02633, 48.040579 ], [ -104.024962, 47.8499 ], [ -104.023595, 47.659211 ], [ -104.022199, 47.468521 ], [ -104.020804, 47.277842 ], [ -104.019409, 47.087152 ], [ -104.018013, 46.896463 ], [ -104.01664, 46.705784 ], [ -104.015272, 46.515094 ], [ -104.013877, 46.324405 ], [ -104.012482, 46.133726 ], [ -104.011087, 45.943058 ], [ -104.00951, 45.710642 ], [ -104.007934, 45.47826 ], [ -104.006357, 45.245866 ], [ -104.00478, 45.013483 ], [ -104.004962, 45.010352 ], [ -104.005143, 45.007232 ], [ -104.005302, 45.004101 ], [ -104.005478, 45.00097 ], [ -104.013416, 45.001024 ], [ -104.021348, 45.001057 ], [ -104.02928, 45.001079 ], [ -104.037212, 45.001134 ], [ -104.256395, 45.001134 ], [ -104.475556, 45.001134 ], [ -104.694738, 45.001134 ], [ -104.913927, 45.001134 ], [ -105.133087, 45.001134 ], [ -105.35227, 45.001134 ], [ -105.571458, 45.001134 ], [ -105.790619, 45.001101 ], [ -106.009802, 45.001079 ], [ -106.22899, 45.001079 ], [ -106.448151, 45.001079 ], [ -106.667334, 45.001079 ], [ -106.886522, 45.001079 ], [ -107.105677, 45.001079 ], [ -107.324865, 45.001079 ], [ -107.544048, 45.001079 ], [ -107.763209, 45.001079 ], [ -107.982397, 45.001079 ], [ -108.20158, 45.001079 ], [ -108.420741, 45.001079 ], [ -108.639929, 45.001079 ], [ -108.859112, 45.001079 ], [ -109.078272, 45.001079 ], [ -109.297455, 45.001079 ], [ -109.516643, 45.001079 ], [ -109.735804, 45.001079 ], [ -109.954987, 45.001079 ], [ -110.174175, 45.001079 ], [ -110.393336, 45.001079 ], [ -110.612519, 45.001079 ], [ -110.831707, 45.001079 ], [ -111.050862, 45.001057 ], [ -111.051022, 44.875506 ], [ -111.051148, 44.749987 ], [ -111.05128, 44.624457 ], [ -111.051434, 44.498883 ], [ -111.11722, 44.525349 ], [ -111.160934, 44.555836 ], [ -111.197574, 44.590586 ], [ -111.265118, 44.687552 ], [ -111.304081, 44.723312 ], [ -111.337463, 44.744812 ], [ -111.372525, 44.74624 ], [ -111.41557, 44.733551 ], [ -111.4481, 44.711117 ], [ -111.459109, 44.671017 ], [ -111.491046, 44.624226 ], [ -111.488821, 44.584544 ], [ -111.474506, 44.564615 ], [ -111.47934, 44.553716 ], [ -111.499857, 44.54485 ], [ -111.659302, 44.559605 ], [ -111.797098, 44.539895 ], [ -111.89208, 44.554925 ], [ -112.074211, 44.547619 ], [ -112.23131, 44.560692 ], [ -112.285077, 44.553947 ], [ -112.320036, 44.53315 ], [ -112.36386, 44.479558 ], [ -112.375385, 44.470022 ], [ -112.392848, 44.467957 ], [ -112.648236, 44.497104 ], [ -112.715928, 44.498037 ], [ -112.787142, 44.463079 ], [ -112.810163, 44.438162 ], [ -112.815514, 44.405972 ], [ -112.831351, 44.396623 ], [ -112.853856, 44.398325 ], [ -112.910392, 44.419331 ], [ -112.970075, 44.454499 ], [ -112.999689, 44.48036 ], [ -113.006379, 44.539137 ], [ -113.05428, 44.605187 ], [ -113.062706, 44.665073 ], [ -113.09327, 44.715336 ], [ -113.140709, 44.765489 ], [ -113.18717, 44.798579 ], [ -113.234269, 44.809873 ], [ -113.320418, 44.802534 ], [ -113.338891, 44.808072 ], [ -113.432138, 44.874165 ], [ -113.460796, 44.90362 ], [ -113.469294, 44.929976 ], [ -113.438136, 44.993971 ], [ -113.447129, 45.029084 ], [ -113.471079, 45.072853 ], [ -113.503582, 45.109284 ], [ -113.557404, 45.140419 ], [ -113.606573, 45.209105 ], [ -113.697112, 45.304983 ], [ -113.721941, 45.379273 ], [ -113.756097, 45.44084 ], [ -113.76615, 45.502517 ], [ -113.799614, 45.540189 ], [ -113.796642, 45.587661 ], [ -113.802273, 45.601098 ], [ -113.812814, 45.606986 ], [ -113.872915, 45.63354 ], [ -113.942651, 45.681507 ], [ -113.977818, 45.69235 ], [ -113.991924, 45.69302 ], [ -114.000708, 45.680628 ], [ -114.006393, 45.658457 ], [ -114.116619, 45.579103 ], [ -114.210234, 45.542442 ], [ -114.256146, 45.505648 ], [ -114.297641, 45.487565 ], [ -114.319191, 45.48573 ], [ -114.350562, 45.497145 ], [ -114.448434, 45.551253 ], [ -114.529233, 45.575719 ], [ -114.537346, 45.587398 ], [ -114.532617, 45.633024 ], [ -114.495796, 45.685846 ], [ -114.533699, 45.78201 ], [ -114.522537, 45.815133 ], [ -114.492566, 45.838732 ], [ -114.405131, 45.874251 ], [ -114.396787, 45.89095 ], [ -114.415903, 45.982159 ], [ -114.464792, 46.016414 ], [ -114.478306, 46.035585 ], [ -114.463578, 46.109765 ], [ -114.485359, 46.158214 ], [ -114.446599, 46.199325 ], [ -114.444248, 46.270714 ], [ -114.41275, 46.343631 ], [ -114.38022, 46.453033 ], [ -114.387042, 46.499955 ], [ -114.345805, 46.550591 ], [ -114.332061, 46.601392 ], [ -114.330122, 46.637647 ], [ -114.336868, 46.659224 ], [ -114.350897, 46.667639 ], [ -114.380917, 46.667639 ], [ -114.518664, 46.647743 ], [ -114.562999, 46.650435 ], [ -114.60155, 46.660334 ], [ -114.624006, 46.677615 ], [ -114.630648, 46.718572 ], [ -114.661623, 46.745544 ], [ -114.678032, 46.750169 ], [ -114.740302, 46.733634 ], [ -114.753689, 46.734568 ], [ -114.760715, 46.742292 ], [ -114.786066, 46.776756 ], [ -114.886937, 46.844871 ], [ -114.935694, 46.922819 ], [ -115.033516, 46.990934 ], [ -115.126636, 47.084593 ], [ -115.306675, 47.231172 ], [ -115.349467, 47.261176 ], [ -115.485994, 47.311636 ], [ -115.593325, 47.384915 ], [ -115.702468, 47.437594 ], [ -115.713317, 47.446746 ], [ -115.714454, 47.45225 ], [ -115.708022, 47.456798 ], [ -115.676887, 47.470564 ], [ -115.66968, 47.497854 ], [ -115.710862, 47.552599 ], [ -115.690867, 47.606652 ], [ -115.718382, 47.68148 ], [ -115.733757, 47.706342 ], [ -115.811244, 47.775951 ], [ -115.862149, 47.842408 ], [ -115.941443, 47.904107 ], [ -116.04901, 48.00472 ], [ -116.048801, 48.251989 ], [ -116.048598, 48.499313 ], [ -116.048389, 48.746637 ], [ -116.048494, 48.993083 ], [ -115.864264, 48.993083 ], [ -115.437884, 48.993083 ], [ -115.0115, 48.993083 ], [ -114.58512, 48.993083 ], [ -114.158735, 48.993083 ], [ -114.062517, 48.993083 ] ] ] ] } },
{ "type": "Feature", "properties": { "name": "North Carolina" }, "geometry": { "type": "MultiPolygon", "coordinates": [ [ [ [ -83.114821, 35.001477 ], [ -83.417307, 34.998126 ], [ -83.719772, 34.994786 ], [ -84.022225, 34.991457 ], [ -84.32469, 34.988096 ], [ -84.286974, 35.200846 ], [ -84.261101, 35.249581 ], [ -84.232471, 35.260589 ], [ -84.128584, 35.261413 ], [ -84.062281, 35.286012 ], [ -84.003735, 35.414069 ], [ -83.871306, 35.51489 ], [ -83.811705, 35.54029 ], [ -83.722716, 35.559901 ], [ -83.511119, 35.584082 ], [ -83.284241, 35.682058 ], [ -83.120369, 35.774618 ], [ -82.990203, 35.800447 ], [ -82.949476, 35.834526 ], [ -82.920253, 35.8789 ], [ -82.901862, 35.939171 ], [ -82.887722, 35.951728 ], [ -82.812817, 35.947444 ], [ -82.75559, 35.999871 ], [ -82.700087, 36.029841 ], [ -82.644924, 36.046793 ], [ -82.611097, 36.047364 ], [ -82.598101, 36.031599 ], [ -82.588751, 35.986951 ], [ -82.576842, 35.972273 ], [ -82.553408, 35.970987 ], [ -82.52113, 35.981216 ], [ -82.478426, 36.010055 ], [ -82.368245, 36.099549 ], [ -82.294944, 36.13397 ], [ -82.182499, 36.153789 ], [ -82.100618, 36.106526 ], [ -82.051366, 36.122862 ], [ -81.908247, 36.306411 ], [ -81.851151, 36.3397 ], [ -81.80826, 36.352718 ], [ -81.734125, 36.355454 ], [ -81.733323, 36.405914 ], [ -81.707648, 36.481962 ], [ -81.704418, 36.533993 ], [ -81.65889, 36.610579 ], [ -81.641631, 36.595077 ], [ -81.27984, 36.592264 ], [ -80.918049, 36.589452 ], [ -80.556269, 36.586628 ], [ -80.194479, 36.583816 ], [ -79.832688, 36.580992 ], [ -79.470908, 36.57818 ], [ -79.109117, 36.575389 ], [ -78.747337, 36.572577 ], [ -78.385547, 36.569753 ], [ -78.023756, 36.566963 ], [ -77.661976, 36.56415 ], [ -77.300185, 36.561338 ], [ -76.938395, 36.558514 ], [ -76.576615, 36.555702 ], [ -76.214824, 36.552889 ], [ -75.966445, 36.551362 ], [ -75.992768, 36.473799 ], [ -75.978486, 36.42915 ], [ -75.924873, 36.382997 ], [ -75.866579, 36.26786 ], [ -75.820074, 36.112832 ], [ -75.883015, 36.175696 ], [ -75.950185, 36.208973 ], [ -76.054731, 36.234528 ], [ -76.147829, 36.279286 ], [ -76.141062, 36.215104 ], [ -76.150027, 36.145758 ], [ -76.221745, 36.166885 ], [ -76.27058, 36.189912 ], [ -76.227381, 36.11604 ], [ -76.321172, 36.138155 ], [ -76.383684, 36.13353 ], [ -76.424322, 36.067975 ], [ -76.478814, 36.028193 ], [ -76.559355, 36.01535 ], [ -76.67893, 36.075314 ], [ -76.717635, 36.148076 ], [ -76.733631, 36.229155 ], [ -76.740069, 36.133299 ], [ -76.718778, 36.033511 ], [ -76.726216, 35.957595 ], [ -76.611156, 35.943642 ], [ -76.503512, 35.956046 ], [ -76.358327, 35.952893 ], [ -76.263559, 35.967109 ], [ -76.206562, 35.991213 ], [ -76.069771, 35.970306 ], [ -76.060027, 35.878658 ], [ -76.075715, 35.787527 ], [ -76.08357, 35.690539 ], [ -76.045711, 35.691155 ], [ -76.001195, 35.722191 ], [ -75.978925, 35.895951 ], [ -75.85389, 35.960155 ], [ -75.81201, 35.955738 ], [ -75.772218, 35.899873 ], [ -75.758836, 35.843238 ], [ -75.744752, 35.765466 ], [ -75.773921, 35.647001 ], [ -75.965951, 35.508397 ], [ -76.10351, 35.380297 ], [ -76.173845, 35.354149 ], [ -76.275238, 35.369058 ], [ -76.390221, 35.401247 ], [ -76.446646, 35.407762 ], [ -76.489482, 35.397018 ], [ -76.51563, 35.43647 ], [ -76.532483, 35.50843 ], [ -76.577186, 35.532303 ], [ -76.611057, 35.529667 ], [ -76.634128, 35.453213 ], [ -76.741388, 35.431482 ], [ -76.887242, 35.463111 ], [ -77.039996, 35.527392 ], [ -76.974474, 35.458409 ], [ -76.595445, 35.329704 ], [ -76.552785, 35.305622 ], [ -76.512949, 35.270433 ], [ -76.565969, 35.215194 ], [ -76.607519, 35.153 ], [ -76.613408, 35.104166 ], [ -76.628031, 35.07336 ], [ -76.779137, 34.990348 ], [ -76.86104, 35.004993 ], [ -77.070274, 35.154648 ], [ -76.974957, 35.025174 ], [ -76.898657, 34.970243 ], [ -76.744969, 34.940964 ], [ -76.456754, 34.989337 ], [ -76.362206, 34.936504 ], [ -76.439802, 34.842911 ], [ -76.516871, 34.777257 ], [ -76.618, 34.76994 ], [ -76.707066, 34.752142 ], [ -76.733192, 34.706999 ], [ -76.796649, 34.704165 ], [ -76.895866, 34.701473 ], [ -77.049499, 34.697364 ], [ -77.133918, 34.707933 ], [ -77.251769, 34.615637 ], [ -77.29623, 34.602948 ], [ -77.358369, 34.620262 ], [ -77.384472, 34.694365 ], [ -77.412268, 34.730796 ], [ -77.412949, 34.592126 ], [ -77.402062, 34.554795 ], [ -77.379792, 34.526626 ], [ -77.517671, 34.45138 ], [ -77.649671, 34.357513 ], [ -77.696957, 34.331959 ], [ -77.750757, 34.284993 ], [ -77.860829, 34.14918 ], [ -77.888053, 34.050149 ], [ -77.927845, 33.939736 ], [ -77.932855, 33.989471 ], [ -77.926043, 34.073165 ], [ -77.953268, 34.168977 ], [ -77.97056, 33.993426 ], [ -78.013341, 33.911809 ], [ -78.405882, 33.917566 ], [ -78.564272, 33.876664 ], [ -78.708237, 33.997821 ], [ -78.843292, 34.111947 ], [ -78.978347, 34.226073 ], [ -79.11338, 34.340232 ], [ -79.248413, 34.45438 ], [ -79.383468, 34.568506 ], [ -79.518523, 34.682643 ], [ -79.653556, 34.796791 ], [ -79.794862, 34.800768 ], [ -79.936179, 34.804745 ], [ -80.077507, 34.808733 ], [ -80.218824, 34.81271 ], [ -80.36013, 34.816687 ], [ -80.501459, 34.820664 ], [ -80.642776, 34.824641 ], [ -80.784082, 34.828629 ], [ -80.789278, 34.90717 ], [ -80.79297, 34.962772 ], [ -80.881695, 35.057914 ], [ -80.933683, 35.113669 ], [ -81.045249, 35.065615 ], [ -81.051171, 35.088972 ], [ -81.046853, 35.131083 ], [ -81.05662, 35.145508 ], [ -81.087316, 35.155714 ], [ -81.245914, 35.161471 ], [ -81.404513, 35.167206 ], [ -81.5631, 35.172941 ], [ -81.721699, 35.178675 ], [ -81.880298, 35.184421 ], [ -82.038885, 35.190156 ], [ -82.197484, 35.195891 ], [ -82.356083, 35.201626 ], [ -82.392535, 35.210931 ], [ -82.463957, 35.177961 ], [ -82.651483, 35.128039 ], [ -82.743966, 35.084061 ], [ -82.777529, 35.086643 ], [ -82.936974, 35.04417 ], [ -83.09655, 35.001642 ], [ -83.114821, 35.001477 ] ] ], [ [ [ -75.889057, 36.550505 ], [ -75.857428, 36.550582 ], [ -75.757881, 36.229232 ], [ -75.558687, 35.879361 ], [ -75.534199, 35.81908 ], [ -75.580495, 35.872001 ], [ -75.728239, 36.103713 ], [ -75.809791, 36.271046 ], [ -75.889057, 36.550505 ] ] ], [ [ [ -75.635691, 35.855895 ], [ -75.650775, 35.835592 ], [ -75.717176, 35.946125 ], [ -75.648863, 35.910387 ], [ -75.636668, 35.880658 ], [ -75.635691, 35.855895 ] ] ], [ [ [ -75.54412, 35.2401 ], [ -75.678274, 35.212843 ], [ -75.690106, 35.221566 ], [ -75.536363, 35.278618 ], [ -75.487892, 35.479514 ], [ -75.481278, 35.572118 ], [ -75.504327, 35.735386 ], [ -75.503525, 35.769158 ], [ -75.478487, 35.716478 ], [ -75.456471, 35.564164 ], [ -75.464743, 35.448642 ], [ -75.509337, 35.280332 ], [ -75.54412, 35.2401 ] ] ], [ [ [ -75.781963, 35.1902 ], [ -75.963676, 35.118844 ], [ -75.984199, 35.123074 ], [ -75.86492, 35.174127 ], [ -75.781963, 35.1902 ] ] ], [ [ [ -76.503644, 34.642949 ], [ -76.528582, 34.631501 ], [ -76.437033, 34.756328 ], [ -76.25622, 34.914718 ], [ -76.207386, 34.938899 ], [ -76.357712, 34.803668 ], [ -76.503644, 34.642949 ] ] ], [ [ [ -76.546227, 34.654858 ], [ -76.568496, 34.652562 ], [ -76.607794, 34.66357 ], [ -76.661957, 34.684653 ], [ -76.673921, 34.700155 ], [ -76.622274, 34.694552 ], [ -76.546227, 34.654858 ] ] ] ] } },
{ "type": "Feature", "properties": { "name": "North Dakota" }, "geometry": { "type": "MultiPolygon", "coordinates": [ [ [ [ -101.367271, 48.993138 ], [ -100.940886, 48.993138 ], [ -100.514506, 48.993138 ], [ -100.088121, 48.993138 ], [ -99.661742, 48.993138 ], [ -99.235357, 48.993138 ], [ -98.808978, 48.99316 ], [ -98.382593, 48.993182 ], [ -97.956213, 48.993182 ], [ -97.529828, 48.993182 ], [ -97.225738, 48.993182 ], [ -97.128047, 48.681115 ], [ -97.12913, 48.593367 ], [ -97.143961, 48.536755 ], [ -97.131019, 48.437427 ], [ -97.136803, 48.371213 ], [ -97.121609, 48.286047 ], [ -97.125927, 48.173393 ], [ -97.078516, 48.04337 ], [ -97.007434, 47.925607 ], [ -97.009032, 47.891549 ], [ -96.988005, 47.820336 ], [ -96.94635, 47.761526 ], [ -96.858707, 47.588338 ], [ -96.862947, 47.423927 ], [ -96.847517, 47.373335 ], [ -96.825325, 47.018861 ], [ -96.818299, 46.974136 ], [ -96.770135, 46.919666 ], [ -96.792822, 46.839026 ], [ -96.795997, 46.797091 ], [ -96.786647, 46.648216 ], [ -96.758198, 46.59034 ], [ -96.730859, 46.472775 ], [ -96.61743, 46.327096 ], [ -96.598567, 46.271857 ], [ -96.591904, 46.227538 ], [ -96.560845, 46.138241 ], [ -96.57048, 46.019237 ], [ -96.556401, 45.942773 ], [ -96.789355, 45.942773 ], [ -97.022315, 45.942805 ], [ -97.255275, 45.942827 ], [ -97.488229, 45.942827 ], [ -97.721188, 45.942827 ], [ -97.954142, 45.942827 ], [ -98.187102, 45.942827 ], [ -98.420062, 45.94286 ], [ -98.653016, 45.942882 ], [ -98.885975, 45.942882 ], [ -99.118929, 45.942882 ], [ -99.351889, 45.942882 ], [ -99.584849, 45.942882 ], [ -99.817803, 45.942904 ], [ -100.050762, 45.942937 ], [ -100.283744, 45.942937 ], [ -100.516725, 45.942937 ], [ -100.749685, 45.942937 ], [ -100.982645, 45.942937 ], [ -101.215599, 45.942959 ], [ -101.448558, 45.942981 ], [ -101.681513, 45.942981 ], [ -101.914472, 45.942981 ], [ -102.147426, 45.942981 ], [ -102.380386, 45.942981 ], [ -102.613345, 45.943014 ], [ -102.8463, 45.943036 ], [ -103.079259, 45.943036 ], [ -103.312213, 45.943036 ], [ -103.545173, 45.943036 ], [ -103.778132, 45.943036 ], [ -104.011087, 45.943058 ], [ -104.012482, 46.133726 ], [ -104.013877, 46.324405 ], [ -104.015272, 46.515094 ], [ -104.01664, 46.705784 ], [ -104.018013, 46.896463 ], [ -104.019409, 47.087152 ], [ -104.020804, 47.277842 ], [ -104.022199, 47.468521 ], [ -104.023595, 47.659211 ], [ -104.024962, 47.8499 ], [ -104.02633, 48.040579 ], [ -104.027725, 48.231269 ], [ -104.029121, 48.421958 ], [ -104.030516, 48.612637 ], [ -104.031911, 48.803327 ], [ -104.033927, 48.993138 ], [ -103.925564, 48.993138 ], [ -103.499179, 48.993138 ], [ -103.072799, 48.993138 ], [ -102.646414, 48.993138 ], [ -102.220035, 48.993138 ], [ -101.79365, 48.993138 ], [ -101.367271, 48.993138 ] ] ] ] } },
{ "type": "Feature", "properties": { "name": "Nebraska" }, "geometry": { "type": "MultiPolygon", "coordinates": [ [ [ [ -102.024489, 40.001124 ], [ -102.024544, 40.126083 ], [ -102.024621, 40.251008 ], [ -102.024698, 40.375934 ], [ -102.024747, 40.500892 ], [ -102.024802, 40.625818 ], [ -102.024879, 40.750744 ], [ -102.024956, 40.875691 ], [ -102.025006, 41.000628 ], [ -102.274604, 41.00065 ], [ -102.524175, 41.000704 ], [ -102.773746, 41.000726 ], [ -103.023344, 41.000748 ], [ -103.272915, 41.000781 ], [ -103.522486, 41.000803 ], [ -103.772084, 41.000836 ], [ -104.021655, 41.000858 ], [ -104.022562, 41.250918 ], [ -104.023441, 41.500978 ], [ -104.024342, 41.751049 ], [ -104.025248, 42.001131 ], [ -104.026149, 42.251223 ], [ -104.027055, 42.501283 ], [ -104.027962, 42.751343 ], [ -104.028862, 43.001403 ], [ -103.682738, 43.001403 ], [ -103.33663, 43.001381 ], [ -102.990528, 43.001359 ], [ -102.644398, 43.001359 ], [ -102.298274, 43.001359 ], [ -101.952172, 43.001326 ], [ -101.606064, 43.001304 ], [ -101.25994, 43.001304 ], [ -100.91381, 43.001304 ], [ -100.567708, 43.001282 ], [ -100.221605, 43.001249 ], [ -99.875475, 43.001249 ], [ -99.529373, 43.001249 ], [ -99.183271, 43.001249 ], [ -98.837141, 43.001249 ], [ -98.441765, 43.001095 ], [ -98.143283, 42.852263 ], [ -97.964947, 42.805868 ], [ -97.880918, 42.849583 ], [ -97.698139, 42.874643 ], [ -97.416658, 42.881004 ], [ -97.23879, 42.860536 ], [ -97.164478, 42.813196 ], [ -97.019733, 42.760176 ], [ -96.804527, 42.701421 ], [ -96.675542, 42.637601 ], [ -96.632778, 42.568673 ], [ -96.55795, 42.524794 ], [ -96.480953, 42.511259 ], [ -96.451004, 42.505985 ], [ -96.383751, 42.417776 ], [ -96.356104, 42.260133 ], [ -96.295333, 42.132912 ], [ -96.201384, 42.036122 ], [ -96.154203, 41.965293 ], [ -96.153763, 41.920436 ], [ -96.13123, 41.872437 ], [ -96.086637, 41.821372 ], [ -96.068806, 41.734328 ], [ -96.077771, 41.611281 ], [ -96.058627, 41.54578 ], [ -96.011397, 41.537881 ], [ -95.990957, 41.52049 ], [ -95.997367, 41.493639 ], [ -95.98158, 41.473798 ], [ -95.943567, 41.460933 ], [ -95.932977, 41.425458 ], [ -95.94972, 41.367428 ], [ -95.936025, 41.330986 ], [ -95.891943, 41.316166 ], [ -95.883626, 41.287557 ], [ -95.911169, 41.245183 ], [ -95.906906, 41.21195 ], [ -95.870887, 41.187824 ], [ -95.846597, 41.080333 ], [ -95.834017, 40.88949 ], [ -95.838148, 40.777748 ], [ -95.859, 40.745108 ], [ -95.826107, 40.676179 ], [ -95.765029, 40.601868 ], [ -95.739551, 40.570853 ], [ -95.684696, 40.466362 ], [ -95.66157, 40.362761 ], [ -95.607106, 40.29547 ], [ -95.52122, 40.264577 ], [ -95.463652, 40.198065 ], [ -95.434296, 40.09598 ], [ -95.362467, 40.01032 ], [ -95.34668, 40.001487 ], [ -95.526905, 40.001124 ], [ -95.736503, 40.001124 ], [ -95.9461, 40.001124 ], [ -96.155702, 40.001124 ], [ -96.3653, 40.001124 ], [ -96.574902, 40.001124 ], [ -96.784499, 40.001124 ], [ -96.994102, 40.001124 ], [ -97.203699, 40.001124 ], [ -97.413296, 40.001124 ], [ -97.622899, 40.001124 ], [ -97.832496, 40.001124 ], [ -98.042099, 40.001124 ], [ -98.251696, 40.001124 ], [ -98.461299, 40.001124 ], [ -98.670896, 40.001124 ], [ -98.880499, 40.001124 ], [ -99.090096, 40.001124 ], [ -99.299693, 40.001124 ], [ -99.509296, 40.001124 ], [ -99.718893, 40.001124 ], [ -99.928495, 40.001124 ], [ -100.138093, 40.001124 ], [ -100.347695, 40.001124 ], [ -100.557293, 40.001124 ], [ -100.766895, 40.001124 ], [ -100.976492, 40.001124 ], [ -101.18609, 40.001124 ], [ -101.395692, 40.001124 ], [ -101.605289, 40.001124 ], [ -101.814892, 40.001124 ], [ -102.024489, 40.001124 ] ] ] ] } },
{ "type": "Feature", "properties": { "name": "New Hampshire" }, "geometry": { "type": "MultiPolygon", "coordinates": [ [ [ [ -71.51752, 45.007561 ], [ -71.419017, 45.200338 ], [ -71.327292, 45.290108 ], [ -71.201619, 45.260335 ], [ -71.134647, 45.262818 ], [ -71.084549, 45.294008 ], [ -71.077331, 45.194867 ], [ -71.069685, 45.084015 ], [ -71.062038, 44.973174 ], [ -71.05437, 44.862322 ], [ -71.04669, 44.751481 ], [ -71.039044, 44.64064 ], [ -71.031397, 44.529788 ], [ -71.023718, 44.418947 ], [ -71.016049, 44.308095 ], [ -71.008403, 44.197254 ], [ -71.000756, 44.086402 ], [ -70.993077, 43.975561 ], [ -70.985408, 43.864708 ], [ -70.977751, 43.753867 ], [ -70.970104, 43.643026 ], [ -70.962436, 43.532152 ], [ -70.967545, 43.458148 ], [ -70.955635, 43.389396 ], [ -70.919699, 43.328103 ], [ -70.829029, 43.23907 ], [ -70.812835, 43.163649 ], [ -70.733096, 43.070034 ], [ -70.777635, 42.940582 ], [ -70.806112, 42.876763 ], [ -70.923489, 42.881564 ], [ -70.974082, 42.871676 ], [ -71.076177, 42.825083 ], [ -71.139294, 42.808131 ], [ -71.242335, 42.729535 ], [ -71.329621, 42.702487 ], [ -71.471784, 42.705969 ], [ -71.613947, 42.70943 ], [ -71.75611, 42.712924 ], [ -71.898241, 42.716406 ], [ -72.040382, 42.719878 ], [ -72.182545, 42.723361 ], [ -72.324697, 42.726854 ], [ -72.46686, 42.730315 ], [ -72.483658, 42.766174 ], [ -72.539622, 42.829632 ], [ -72.552806, 42.856449 ], [ -72.549807, 42.886684 ], [ -72.519419, 42.966675 ], [ -72.496479, 42.991669 ], [ -72.473715, 43.038537 ], [ -72.438186, 43.224645 ], [ -72.407072, 43.332036 ], [ -72.384957, 43.52923 ], [ -72.362369, 43.586645 ], [ -72.337672, 43.621988 ], [ -72.296693, 43.714954 ], [ -72.222381, 43.790869 ], [ -72.173855, 43.884088 ], [ -72.114924, 43.965431 ], [ -72.106212, 44.013079 ], [ -72.062233, 44.11635 ], [ -72.031208, 44.300734 ], [ -72.001776, 44.329496 ], [ -71.867677, 44.354918 ], [ -71.825511, 44.37409 ], [ -71.683007, 44.45028 ], [ -71.638205, 44.481679 ], [ -71.609289, 44.514055 ], [ -71.5878, 44.565263 ], [ -71.571496, 44.579193 ], [ -71.568442, 44.607637 ], [ -71.618287, 44.727761 ], [ -71.62066, 44.771894 ], [ -71.510225, 44.908344 ], [ -71.533483, 44.987973 ], [ -71.51752, 45.007561 ] ] ] ] } },
{ "type": "Feature", "properties": { "name": "New Jersey" }, "geometry": { "type": "MultiPolygon", "coordinates": [ [ [ [ -75.074168, 39.98348 ], [ -75.023532, 40.01745 ], [ -74.909297, 40.079545 ], [ -74.734889, 40.154504 ], [ -74.976379, 40.405828 ], [ -75.034046, 40.420374 ], [ -75.097448, 40.543135 ], [ -75.170518, 40.576797 ], [ -75.189019, 40.595814 ], [ -75.192282, 40.689868 ], [ -75.185691, 40.743822 ], [ -75.174737, 40.775518 ], [ -75.111797, 40.802105 ], [ -75.075564, 40.856267 ], [ -75.074926, 40.884458 ], [ -75.12275, 40.971766 ], [ -75.123036, 40.999002 ], [ -75.031541, 41.05178 ], [ -74.912296, 41.155271 ], [ -74.84139, 41.268595 ], [ -74.812485, 41.30151 ], [ -74.777779, 41.325076 ], [ -74.699051, 41.357299 ], [ -74.600064, 41.311585 ], [ -74.501056, 41.265903 ], [ -74.402047, 41.220222 ], [ -74.30306, 41.174541 ], [ -74.204073, 41.12886 ], [ -74.105053, 41.083179 ], [ -74.006045, 41.037498 ], [ -73.910079, 40.992256 ], [ -73.927218, 40.914242 ], [ -74.025501, 40.756379 ], [ -74.067337, 40.71963 ], [ -74.116248, 40.687286 ], [ -74.15314, 40.673257 ], [ -74.187143, 40.647988 ], [ -74.226705, 40.608009 ], [ -74.26419, 40.528633 ], [ -74.241515, 40.456266 ], [ -74.049836, 40.429833 ], [ -73.998453, 40.452157 ], [ -73.972251, 40.400324 ], [ -73.957595, 40.328363 ], [ -73.971987, 40.250514 ], [ -74.004001, 40.171347 ], [ -74.028347, 40.073008 ], [ -74.048913, 39.923066 ], [ -74.079917, 39.78811 ], [ -74.084004, 39.829089 ], [ -74.064591, 39.993115 ], [ -74.09599, 39.975988 ], [ -74.117644, 39.938129 ], [ -74.176135, 39.726598 ], [ -74.256577, 39.613856 ], [ -74.330603, 39.535886 ], [ -74.407024, 39.548806 ], [ -74.389874, 39.486843 ], [ -74.410858, 39.454544 ], [ -74.428831, 39.387186 ], [ -74.474359, 39.34256 ], [ -74.517172, 39.346845 ], [ -74.578696, 39.316105 ], [ -74.602987, 39.292561 ], [ -74.604799, 39.247528 ], [ -74.645932, 39.207867 ], [ -74.794478, 39.001907 ], [ -74.923436, 38.941141 ], [ -74.954308, 38.949952 ], [ -74.920327, 39.047181 ], [ -74.897025, 39.145465 ], [ -74.975291, 39.188257 ], [ -75.050218, 39.210834 ], [ -75.136109, 39.207867 ], [ -75.231031, 39.284266 ], [ -75.35343, 39.339824 ], [ -75.524245, 39.490172 ], [ -75.519257, 39.531876 ], [ -75.523553, 39.601848 ], [ -75.47161, 39.712382 ], [ -75.421908, 39.789714 ], [ -75.353177, 39.829738 ], [ -75.15383, 39.870486 ], [ -75.103831, 39.931823 ], [ -75.074168, 39.98348 ] ] ], [ [ [ -74.133222, 39.680785 ], [ -74.250501, 39.529371 ], [ -74.25316, 39.558485 ], [ -74.106767, 39.746439 ], [ -74.133222, 39.680785 ] ] ] ] } },
{ "type": "Feature", "properties": { "name": "New Mexico" }, "geometry": { "type": "MultiPolygon", "coordinates": [ [ [ [ -109.047807, 31.327879 ], [ -109.047423, 31.683232 ], [ -109.047368, 32.037739 ], [ -109.047318, 32.392235 ], [ -109.047264, 32.746764 ], [ -109.047214, 33.101293 ], [ -109.047165, 33.455788 ], [ -109.04711, 33.810284 ], [ -109.04706, 34.164791 ], [ -109.047005, 34.519287 ], [ -109.046956, 34.873794 ], [ -109.046906, 35.22829 ], [ -109.046852, 35.582819 ], [ -109.046802, 35.937336 ], [ -109.046747, 36.291843 ], [ -109.046698, 36.646339 ], [ -109.04667, 37.000846 ], [ -108.66879, 37.000846 ], [ -108.290932, 37.000846 ], [ -107.913073, 37.000846 ], [ -107.535215, 37.000846 ], [ -107.157357, 37.000846 ], [ -106.779499, 37.000846 ], [ -106.40164, 37.000846 ], [ -106.023755, 37.000846 ], [ -105.645874, 37.000846 ], [ -105.268016, 37.000846 ], [ -104.890158, 37.000846 ], [ -104.512299, 37.000846 ], [ -104.134441, 37.000846 ], [ -103.756583, 37.000846 ], [ -103.378724, 37.000846 ], [ -103.000839, 37.000846 ], [ -103.000712, 36.875942 ], [ -103.000553, 36.751039 ], [ -103.000427, 36.626135 ], [ -103.000295, 36.501232 ], [ -103.042153, 36.500616 ], [ -103.043625, 36.219498 ], [ -103.045103, 35.93838 ], [ -103.046547, 35.657251 ], [ -103.04802, 35.376133 ], [ -103.049492, 35.095015 ], [ -103.050942, 34.813896 ], [ -103.052414, 34.532778 ], [ -103.053886, 34.251682 ], [ -103.055358, 33.970586 ], [ -103.056831, 33.689468 ], [ -103.058303, 33.408349 ], [ -103.059775, 33.127231 ], [ -103.061247, 32.846113 ], [ -103.062719, 32.564984 ], [ -103.064169, 32.283866 ], [ -103.065642, 32.002748 ], [ -103.290405, 32.002649 ], [ -103.515202, 32.002572 ], [ -103.739993, 32.002495 ], [ -103.964785, 32.002385 ], [ -104.189576, 32.002286 ], [ -104.414373, 32.002209 ], [ -104.639164, 32.002132 ], [ -104.863928, 32.002022 ], [ -105.088697, 32.001924 ], [ -105.313488, 32.001847 ], [ -105.53828, 32.00177 ], [ -105.763076, 32.00166 ], [ -105.987868, 32.001561 ], [ -106.212659, 32.001484 ], [ -106.43745, 32.001407 ], [ -106.662219, 32.001297 ], [ -106.668262, 32.000946 ], [ -106.566281, 31.819529 ], [ -106.566358, 31.819529 ], [ -106.445382, 31.768398 ], [ -106.45321, 31.770178 ], [ -106.673047, 31.771343 ], [ -106.892877, 31.772474 ], [ -107.112708, 31.773617 ], [ -107.332539, 31.774748 ], [ -107.55237, 31.775891 ], [ -107.772201, 31.777022 ], [ -107.992032, 31.778165 ], [ -108.211841, 31.77933 ], [ -108.212484, 31.666852 ], [ -108.213154, 31.554385 ], [ -108.213802, 31.441906 ], [ -108.21445, 31.329428 ], [ -108.567892, 31.32878 ], [ -108.921333, 31.32811 ], [ -109.047807, 31.327879 ] ] ] ] } },
{ "type": "Feature", "properties": { "name": "Nevada" }, "geometry": { "type": "MultiPolygon", "coordinates": [ [ [ [ -114.04027, 37.004153 ], [ -114.041171, 36.61249 ], [ -114.042879, 36.181771 ], [ -114.061924, 36.175212 ], [ -114.119437, 36.076665 ], [ -114.183207, 36.030303 ], [ -114.232146, 36.031698 ], [ -114.281573, 36.060328 ], [ -114.331545, 36.116293 ], [ -114.406087, 36.148307 ], [ -114.505277, 36.156426 ], [ -114.592975, 36.14756 ], [ -114.669144, 36.12172 ], [ -114.715759, 36.084982 ], [ -114.741362, 36.013516 ], [ -114.732321, 35.983666 ], [ -114.687101, 35.917341 ], [ -114.68369, 35.813597 ], [ -114.677076, 35.729805 ], [ -114.650126, 35.683508 ], [ -114.645166, 35.630543 ], [ -114.662063, 35.545355 ], [ -114.648528, 35.475922 ], [ -114.590987, 35.352776 ], [ -114.610521, 34.99761 ], [ -114.610543, 34.991117 ], [ -114.88218, 35.202812 ], [ -115.136096, 35.400962 ], [ -115.390006, 35.599122 ], [ -115.643917, 35.797294 ], [ -115.897827, 35.995476 ], [ -116.151743, 36.193625 ], [ -116.405681, 36.391786 ], [ -116.659592, 36.589968 ], [ -116.842915, 36.727759 ], [ -117.02626, 36.865549 ], [ -117.209611, 37.003373 ], [ -117.392935, 37.141174 ], [ -117.576253, 37.278965 ], [ -117.759603, 37.416788 ], [ -117.942949, 37.554579 ], [ -118.126272, 37.69238 ], [ -118.360495, 37.855857 ], [ -118.594718, 38.019333 ], [ -118.828941, 38.182843 ], [ -119.063164, 38.34632 ], [ -119.297387, 38.509796 ], [ -119.531616, 38.673295 ], [ -119.765839, 38.836782 ], [ -120.000062, 39.000259 ], [ -120.000084, 39.187784 ], [ -120.000139, 39.375299 ], [ -120.000188, 39.562803 ], [ -120.000243, 39.750339 ], [ -120.000293, 39.937876 ], [ -120.000342, 40.12538 ], [ -120.000397, 40.312883 ], [ -120.000446, 40.50042 ], [ -120.000501, 40.687957 ], [ -120.000551, 40.87546 ], [ -120.0006, 41.062975 ], [ -120.000628, 41.250501 ], [ -120.000655, 41.438015 ], [ -120.000704, 41.625519 ], [ -120.000759, 41.813056 ], [ -120.000809, 42.000559 ], [ -119.627807, 42.000559 ], [ -119.254782, 42.000559 ], [ -118.881758, 42.000559 ], [ -118.508756, 42.000559 ], [ -118.135731, 42.000559 ], [ -117.762701, 42.000559 ], [ -117.389705, 42.000559 ], [ -117.016675, 42.000559 ], [ -116.644914, 42.000636 ], [ -116.273153, 42.000691 ], [ -115.901398, 42.000768 ], [ -115.529637, 42.000845 ], [ -115.157876, 42.0009 ], [ -114.786115, 42.000977 ], [ -114.414354, 42.001054 ], [ -114.042593, 42.001109 ], [ -114.042516, 41.844938 ], [ -114.042467, 41.6888 ], [ -114.04239, 41.532662 ], [ -114.042308, 41.376492 ], [ -114.042231, 41.220321 ], [ -114.042154, 41.064183 ], [ -114.042077, 40.908046 ], [ -114.042, 40.751875 ], [ -114.041923, 40.595715 ], [ -114.041846, 40.439578 ], [ -114.041791, 40.283429 ], [ -114.041714, 40.127269 ], [ -114.041637, 39.971099 ], [ -114.041588, 39.814939 ], [ -114.041511, 39.658768 ], [ -114.041429, 39.502631 ], [ -114.041352, 39.346493 ], [ -114.041275, 39.190322 ], [ -114.041226, 39.034152 ], [ -114.041149, 38.877992 ], [ -114.041072, 38.721821 ], [ -114.041017, 38.565684 ], [ -114.04094, 38.409546 ], [ -114.040863, 38.253375 ], [ -114.040786, 38.097205 ], [ -114.040709, 37.941067 ], [ -114.040632, 37.784929 ], [ -114.040555, 37.628759 ], [ -114.040473, 37.472599 ], [ -114.040396, 37.316461 ], [ -114.040347, 37.160312 ], [ -114.04027, 37.004153 ] ] ] ] } },
{ "type": "Feature", "properties": { "name": "New York" }, "geometry": { "type": "MultiPolygon", "coordinates": [ [ [ [ -79.762024, 42.538977 ], [ -79.446233, 42.651455 ], [ -79.173739, 42.74853 ], [ -79.036695, 42.80232 ], [ -78.939236, 42.863744 ], [ -78.915077, 42.90914 ], [ -78.920867, 42.93521 ], [ -78.946003, 42.961303 ], [ -78.980753, 42.980606 ], [ -79.011679, 42.997041 ], [ -79.026181, 43.017322 ], [ -79.029071, 43.061762 ], [ -79.048011, 43.087294 ], [ -79.066051, 43.106102 ], [ -79.059228, 43.278061 ], [ -79.083047, 43.33141 ], [ -79.171849, 43.466575 ], [ -79.002484, 43.527165 ], [ -78.845566, 43.583338 ], [ -78.720432, 43.624932 ], [ -78.458254, 43.631502 ], [ -78.214786, 43.630667 ], [ -77.879242, 43.629557 ], [ -77.59652, 43.628601 ], [ -77.266721, 43.627492 ], [ -77.073351, 43.626843 ], [ -76.819962, 43.628788 ], [ -76.696498, 43.784794 ], [ -76.586118, 43.924298 ], [ -76.464609, 44.057595 ], [ -76.248541, 44.214129 ], [ -76.185787, 44.242232 ], [ -76.151158, 44.303942 ], [ -76.020234, 44.36262 ], [ -75.875929, 44.41698 ], [ -75.819316, 44.468012 ], [ -75.79196, 44.497049 ], [ -75.401253, 44.772278 ], [ -75.179384, 44.899379 ], [ -74.996143, 44.97012 ], [ -74.856639, 45.003925 ], [ -74.762464, 44.999058 ], [ -74.708873, 45.00387 ], [ -74.663236, 45.003925 ], [ -74.430391, 45.004178 ], [ -74.014262, 45.004694 ], [ -73.598133, 45.005155 ], [ -73.352182, 45.005419 ], [ -73.345052, 44.938864 ], [ -73.365805, 44.860366 ], [ -73.348568, 44.775299 ], [ -73.372078, 44.597332 ], [ -73.309753, 44.45964 ], [ -73.324639, 44.36786 ], [ -73.320915, 44.268874 ], [ -73.331825, 44.244583 ], [ -73.38112, 44.187432 ], [ -73.409751, 44.131413 ], [ -73.426131, 44.074855 ], [ -73.424945, 44.038292 ], [ -73.38301, 43.875827 ], [ -73.374968, 43.804152 ], [ -73.375847, 43.762184 ], [ -73.413365, 43.627854 ], [ -73.415925, 43.589644 ], [ -73.40495, 43.578811 ], [ -73.391436, 43.578526 ], [ -73.349238, 43.620384 ], [ -73.330484, 43.62669 ], [ -73.30616, 43.616253 ], [ -73.247098, 43.553048 ], [ -73.250328, 43.439669 ], [ -73.252657, 43.357195 ], [ -73.255239, 43.265371 ], [ -73.259084, 43.127855 ], [ -73.26193, 43.027067 ], [ -73.264544, 42.93521 ], [ -73.266555, 42.864777 ], [ -73.2802, 42.813152 ], [ -73.253327, 42.752222 ], [ -73.285056, 42.668198 ], [ -73.316806, 42.584175 ], [ -73.348568, 42.500141 ], [ -73.380296, 42.416117 ], [ -73.412047, 42.332094 ], [ -73.443808, 42.24807 ], [ -73.475537, 42.164047 ], [ -73.507287, 42.080012 ], [ -73.480568, 42.055568 ], [ -73.48861, 41.960613 ], [ -73.496619, 41.865658 ], [ -73.504629, 41.770703 ], [ -73.512638, 41.675748 ], [ -73.520647, 41.580794 ], [ -73.528689, 41.485839 ], [ -73.53672, 41.390906 ], [ -73.544729, 41.295951 ], [ -73.51445, 41.257455 ], [ -73.484139, 41.218959 ], [ -73.521756, 41.200919 ], [ -73.579797, 41.173146 ], [ -73.641881, 41.143406 ], [ -73.723015, 41.104514 ], [ -73.682113, 41.054702 ], [ -73.630466, 40.99186 ], [ -73.671412, 40.965867 ], [ -73.779001, 40.878405 ], [ -73.851247, 40.831405 ], [ -73.910672, 40.816112 ], [ -73.947213, 40.776946 ], [ -73.987082, 40.751392 ], [ -73.948586, 40.838744 ], [ -73.90675, 40.912462 ], [ -73.871967, 41.055164 ], [ -73.882251, 41.170586 ], [ -73.925328, 41.218058 ], [ -73.969954, 41.249732 ], [ -73.917649, 41.135781 ], [ -73.909233, 40.996079 ], [ -73.910079, 40.992256 ], [ -74.006045, 41.037498 ], [ -74.105053, 41.083179 ], [ -74.204073, 41.12886 ], [ -74.30306, 41.174541 ], [ -74.402047, 41.220222 ], [ -74.501056, 41.265903 ], [ -74.600064, 41.311585 ], [ -74.699051, 41.357299 ], [ -74.720365, 41.394861 ], [ -74.75662, 41.423909 ], [ -74.935367, 41.474369 ], [ -74.981257, 41.507702 ], [ -75.02273, 41.552866 ], [ -75.051361, 41.608369 ], [ -75.066192, 41.666608 ], [ -75.066906, 41.713212 ], [ -75.053679, 41.765045 ], [ -75.094768, 41.799487 ], [ -75.095537, 41.83171 ], [ -75.121893, 41.853364 ], [ -75.238864, 41.892201 ], [ -75.273977, 41.94666 ], [ -75.351342, 41.998417 ], [ -75.48921, 41.998494 ], [ -75.627055, 41.998571 ], [ -75.764901, 41.998648 ], [ -75.902779, 41.998725 ], [ -76.040647, 41.998801 ], [ -76.178525, 41.998878 ], [ -76.316393, 41.998966 ], [ -76.454238, 41.999043 ], [ -76.592094, 41.99912 ], [ -76.729962, 41.999197 ], [ -76.86784, 41.999274 ], [ -77.005708, 41.999351 ], [ -77.143575, 41.999428 ], [ -77.281432, 41.999505 ], [ -77.419277, 41.999581 ], [ -77.557145, 41.999658 ], [ -77.695023, 41.999735 ], [ -77.832868, 41.999812 ], [ -77.970714, 41.999889 ], [ -78.108581, 41.999966 ], [ -78.24646, 42.000043 ], [ -78.384327, 42.00012 ], [ -78.522206, 42.000197 ], [ -78.660051, 42.000274 ], [ -78.797897, 42.000329 ], [ -78.935775, 42.000438 ], [ -79.073642, 42.000515 ], [ -79.211521, 42.000592 ], [ -79.349388, 42.000669 ], [ -79.487234, 42.000746 ], [ -79.625079, 42.000801 ], [ -79.762958, 42.0009 ], [ -79.76298, 42.135515 ], [ -79.763002, 42.270131 ], [ -79.763035, 42.404746 ], [ -79.762024, 42.538977 ] ] ], [ [ [ -72.509783, 40.986027 ], [ -72.580887, 40.921328 ], [ -72.516573, 40.914813 ], [ -72.461334, 40.933776 ], [ -72.409017, 40.972151 ], [ -72.287442, 41.024083 ], [ -72.183852, 41.046792 ], [ -72.151245, 41.051472 ], [ -72.101894, 41.01502 ], [ -72.003951, 41.044265 ], [ -71.903206, 41.060701 ], [ -72.33899, 40.894148 ], [ -72.428078, 40.875383 ], [ -72.555542, 40.82578 ], [ -72.676106, 40.790635 ], [ -72.762843, 40.777847 ], [ -73.194287, 40.654207 ], [ -73.22852, 40.651526 ], [ -73.265522, 40.663567 ], [ -73.620897, 40.599901 ], [ -73.766729, 40.592716 ], [ -73.899565, 40.570524 ], [ -73.801325, 40.621786 ], [ -73.799183, 40.640979 ], [ -73.822672, 40.655964 ], [ -73.875175, 40.651625 ], [ -73.928997, 40.598814 ], [ -74.014911, 40.581213 ], [ -74.032038, 40.638683 ], [ -74.003364, 40.683156 ], [ -73.964571, 40.725343 ], [ -73.879262, 40.791668 ], [ -73.757193, 40.833679 ], [ -73.695208, 40.870033 ], [ -73.652241, 40.838019 ], [ -73.642837, 40.881228 ], [ -73.609768, 40.906189 ], [ -73.573798, 40.919625 ], [ -73.487391, 40.919955 ], [ -73.440864, 40.926777 ], [ -73.407246, 40.941093 ], [ -73.372705, 40.943806 ], [ -73.278156, 40.924196 ], [ -73.185838, 40.929854 ], [ -73.111296, 40.95688 ], [ -73.033776, 40.965977 ], [ -72.828783, 40.972052 ], [ -72.625118, 40.991838 ], [ -72.543676, 41.027006 ], [ -72.372575, 41.125553 ], [ -72.274138, 41.153041 ], [ -72.427386, 41.03853 ], [ -72.509783, 40.986027 ] ] ], [ [ [ -74.188132, 40.522854 ], [ -74.235879, 40.518712 ], [ -74.188154, 40.614601 ], [ -74.100483, 40.658447 ], [ -74.068755, 40.649307 ], [ -74.067414, 40.615458 ], [ -74.079708, 40.586465 ], [ -74.138518, 40.541838 ], [ -74.188132, 40.522854 ] ] ] ] } },
{ "type": "Feature", "properties": { "name": "Ohio" }, "geometry": { "type": "MultiPolygon", "coordinates": [ [ [ [ -83.121665, 41.95 ], [ -83.029962, 41.832974 ], [ -82.8662, 41.753004 ], [ -82.690012, 41.675177 ], [ -82.439073, 41.67487 ], [ -82.213326, 41.77869 ], [ -81.974187, 41.88874 ], [ -81.76092, 41.986815 ], [ -81.507345, 42.103479 ], [ -81.277643, 42.209179 ], [ -81.028198, 42.247158 ], [ -80.682645, 42.299772 ], [ -80.520762, 42.324392 ], [ -80.520278, 42.220473 ], [ -80.520278, 42.115619 ], [ -80.520278, 42.010766 ], [ -80.520278, 41.905923 ], [ -80.520278, 41.801069 ], [ -80.520278, 41.696238 ], [ -80.520278, 41.591417 ], [ -80.520278, 41.486564 ], [ -80.520278, 41.38171 ], [ -80.520278, 41.276857 ], [ -80.520278, 41.172014 ], [ -80.520278, 41.067183 ], [ -80.520278, 40.962362 ], [ -80.520278, 40.857509 ], [ -80.520278, 40.752655 ], [ -80.519081, 40.646956 ], [ -80.637524, 40.603263 ], [ -80.659047, 40.562976 ], [ -80.623187, 40.51156 ], [ -80.604093, 40.445203 ], [ -80.601819, 40.363893 ], [ -80.668275, 40.185244 ], [ -80.803517, 39.909136 ], [ -80.872192, 39.735508 ], [ -80.874313, 39.664294 ], [ -80.963291, 39.57113 ], [ -81.139127, 39.455994 ], [ -81.262504, 39.386538 ], [ -81.333354, 39.362819 ], [ -81.392417, 39.364829 ], [ -81.439647, 39.392559 ], [ -81.492722, 39.373618 ], [ -81.551631, 39.308041 ], [ -81.606464, 39.274137 ], [ -81.657209, 39.271973 ], [ -81.700594, 39.229467 ], [ -81.736663, 39.14663 ], [ -81.770665, 39.098828 ], [ -81.802602, 39.086062 ], [ -81.804954, 39.04405 ], [ -81.777685, 38.972793 ], [ -81.780124, 38.946975 ], [ -81.795033, 38.945942 ], [ -81.809337, 38.950029 ], [ -81.843757, 38.934319 ], [ -81.88244, 38.894219 ], [ -81.896678, 38.893549 ], [ -81.907368, 38.900239 ], [ -81.91853, 38.952347 ], [ -81.949797, 38.989327 ], [ -82.001092, 39.011102 ], [ -82.072273, 38.962949 ], [ -82.163328, 38.844912 ], [ -82.203527, 38.768228 ], [ -82.18764, 38.715208 ], [ -82.180071, 38.637589 ], [ -82.202494, 38.605839 ], [ -82.252317, 38.594083 ], [ -82.290868, 38.552017 ], [ -82.318147, 38.479672 ], [ -82.387064, 38.43399 ], [ -82.497543, 38.414973 ], [ -82.612778, 38.448218 ], [ -82.621282, 38.450679 ], [ -82.758226, 38.541162 ], [ -82.844623, 38.627668 ], [ -82.880438, 38.710253 ], [ -83.000068, 38.713999 ], [ -83.203469, 38.638907 ], [ -83.35697, 38.627405 ], [ -83.460582, 38.679502 ], [ -83.538387, 38.69986 ], [ -83.616313, 38.682776 ], [ -83.689878, 38.649531 ], [ -83.752269, 38.669373 ], [ -83.828086, 38.731226 ], [ -83.948386, 38.774226 ], [ -84.113236, 38.798385 ], [ -84.227285, 38.865204 ], [ -84.290435, 38.974705 ], [ -84.358022, 39.049917 ], [ -84.43006, 39.090896 ], [ -84.508865, 39.102838 ], [ -84.594547, 39.085776 ], [ -84.660542, 39.094467 ], [ -84.706948, 39.128909 ], [ -84.765901, 39.124998 ], [ -84.821711, 39.091984 ], [ -84.82014, 39.423826 ], [ -84.816702, 39.749197 ], [ -84.813263, 40.074557 ], [ -84.809835, 40.399939 ], [ -84.806397, 40.725321 ], [ -84.802958, 41.05067 ], [ -84.799552, 41.376052 ], [ -84.796113, 41.701434 ], [ -84.463129, 41.710938 ], [ -84.130155, 41.720452 ], [ -83.797181, 41.729955 ], [ -83.464197, 41.739447 ], [ -83.30395, 41.837808 ], [ -83.121665, 41.95 ] ] ] ] } },
{ "type": "Feature", "properties": { "name": "Oklahoma" }, "geometry": { "type": "MultiPolygon", "coordinates": [ [ [ [ -94.61838, 36.500869 ], [ -94.595979, 36.361661 ], [ -94.573578, 36.222465 ], [ -94.551177, 36.083279 ], [ -94.52877, 35.94406 ], [ -94.506369, 35.804841 ], [ -94.483968, 35.665655 ], [ -94.461539, 35.526459 ], [ -94.439138, 35.387251 ], [ -94.441956, 35.278574 ], [ -94.444746, 35.169897 ], [ -94.447564, 35.061221 ], [ -94.450377, 34.952544 ], [ -94.453195, 34.843867 ], [ -94.456013, 34.73519 ], [ -94.458831, 34.626514 ], [ -94.461643, 34.517837 ], [ -94.464461, 34.409171 ], [ -94.467279, 34.300494 ], [ -94.470092, 34.191817 ], [ -94.47291, 34.083141 ], [ -94.475728, 33.974464 ], [ -94.47854, 33.865787 ], [ -94.481331, 33.75711 ], [ -94.484149, 33.648434 ], [ -94.709198, 33.699289 ], [ -94.765734, 33.731611 ], [ -94.869374, 33.768196 ], [ -94.962389, 33.843408 ], [ -95.146075, 33.936616 ], [ -95.21586, 33.959039 ], [ -95.238031, 33.956479 ], [ -95.276016, 33.910622 ], [ -95.373888, 33.874269 ], [ -95.427117, 33.872785 ], [ -95.523494, 33.886562 ], [ -95.541836, 33.898164 ], [ -95.555712, 33.926091 ], [ -95.594471, 33.945163 ], [ -95.622789, 33.930255 ], [ -95.763166, 33.891473 ], [ -95.783914, 33.864502 ], [ -95.863082, 33.863304 ], [ -95.941579, 33.882838 ], [ -96.139344, 33.821963 ], [ -96.207272, 33.774062 ], [ -96.278562, 33.757627 ], [ -96.315048, 33.711122 ], [ -96.336752, 33.717713 ], [ -96.41114, 33.775205 ], [ -96.487204, 33.7923 ], [ -96.59159, 33.849275 ], [ -96.595364, 33.899405 ], [ -96.606345, 33.905635 ], [ -96.625132, 33.911446 ], [ -96.648538, 33.906382 ], [ -96.694016, 33.863799 ], [ -96.720213, 33.85279 ], [ -96.746283, 33.854186 ], [ -96.847572, 33.883179 ], [ -96.889996, 33.934617 ], [ -96.911001, 33.950437 ], [ -96.934051, 33.95348 ], [ -96.977694, 33.938033 ], [ -97.002161, 33.881597 ], [ -97.02159, 33.866512 ], [ -97.063838, 33.8568 ], [ -97.061229, 33.8285 ], [ -97.09895, 33.750442 ], [ -97.119, 33.734764 ], [ -97.145071, 33.737687 ], [ -97.172383, 33.75688 ], [ -97.192488, 33.784631 ], [ -97.201013, 33.808164 ], [ -97.186182, 33.870083 ], [ -97.194762, 33.890616 ], [ -97.214938, 33.897109 ], [ -97.264679, 33.867776 ], [ -97.308163, 33.869226 ], [ -97.363611, 33.840178 ], [ -97.398492, 33.831323 ], [ -97.430171, 33.838508 ], [ -97.481565, 33.885705 ], [ -97.571247, 33.91594 ], [ -97.605925, 33.971651 ], [ -97.621789, 33.987768 ], [ -97.640933, 33.991669 ], [ -97.660362, 33.990043 ], [ -97.691937, 33.972135 ], [ -97.795291, 33.899065 ], [ -97.842422, 33.875785 ], [ -97.882858, 33.871116 ], [ -97.92159, 33.878367 ], [ -97.946238, 33.897076 ], [ -97.951072, 33.971212 ], [ -97.973962, 33.993734 ], [ -98.069383, 34.040305 ], [ -98.089587, 34.084097 ], [ -98.098635, 34.145027 ], [ -98.214079, 34.135337 ], [ -98.355978, 34.141511 ], [ -98.420419, 34.088052 ], [ -98.453674, 34.078131 ], [ -98.493851, 34.088777 ], [ -98.608395, 34.161275 ], [ -98.730118, 34.146576 ], [ -98.798953, 34.154739 ], [ -98.96884, 34.208605 ], [ -99.102291, 34.213472 ], [ -99.157508, 34.223282 ], [ -99.186578, 34.235477 ], [ -99.19991, 34.318314 ], [ -99.252875, 34.388077 ], [ -99.270316, 34.407226 ], [ -99.360387, 34.456094 ], [ -99.374938, 34.457873 ], [ -99.38465, 34.446788 ], [ -99.404986, 34.392065 ], [ -99.432298, 34.38922 ], [ -99.536168, 34.404744 ], [ -99.632029, 34.388495 ], [ -99.685615, 34.415829 ], [ -99.867027, 34.543369 ], [ -99.94069, 34.576339 ], [ -99.999341, 34.586721 ], [ -99.99955, 34.706362 ], [ -99.999731, 34.825992 ], [ -99.999912, 34.945622 ], [ -100.000115, 35.065275 ], [ -100.000324, 35.184938 ], [ -100.000505, 35.304568 ], [ -100.000687, 35.424198 ], [ -100.000895, 35.543828 ], [ -100.001099, 35.663458 ], [ -100.00128, 35.783088 ], [ -100.001461, 35.902718 ], [ -100.00167, 36.022349 ], [ -100.001873, 36.141979 ], [ -100.002054, 36.261609 ], [ -100.002236, 36.381239 ], [ -100.002444, 36.500902 ], [ -100.189822, 36.500924 ], [ -100.377177, 36.500924 ], [ -100.564527, 36.500946 ], [ -100.751904, 36.500979 ], [ -100.939287, 36.500979 ], [ -101.126637, 36.501023 ], [ -101.313992, 36.501056 ], [ -101.50137, 36.501078 ], [ -101.688747, 36.501111 ], [ -101.876102, 36.501133 ], [ -102.063452, 36.501133 ], [ -102.250835, 36.501155 ], [ -102.438212, 36.501188 ], [ -102.625562, 36.501188 ], [ -102.812918, 36.50121 ], [ -103.000295, 36.501232 ], [ -103.000427, 36.626135 ], [ -103.000553, 36.751039 ], [ -103.000712, 36.875942 ], [ -103.000839, 37.000846 ], [ -102.753828, 37.000846 ], [ -102.506811, 37.000846 ], [ -102.2598, 37.000846 ], [ -102.012783, 37.000846 ], [ -101.781713, 37.000846 ], [ -101.550616, 37.000846 ], [ -101.319518, 37.000846 ], [ -101.088421, 37.000846 ], [ -100.857329, 37.000846 ], [ -100.626254, 37.000846 ], [ -100.395184, 37.000846 ], [ -100.164086, 37.000846 ], [ -99.932989, 37.000846 ], [ -99.701919, 37.000846 ], [ -99.470849, 37.000846 ], [ -99.239752, 37.000846 ], [ -99.008654, 37.000846 ], [ -98.777584, 37.000846 ], [ -98.546514, 37.000846 ], [ -98.315417, 37.000846 ], [ -98.084319, 37.000846 ], [ -97.853244, 37.000846 ], [ -97.622174, 37.000846 ], [ -97.391077, 37.000846 ], [ -97.159979, 37.000846 ], [ -96.928909, 37.000846 ], [ -96.697839, 37.000846 ], [ -96.466742, 37.000846 ], [ -96.235644, 37.000846 ], [ -96.004574, 37.000846 ], [ -95.773504, 37.000846 ], [ -95.542407, 37.000846 ], [ -95.31131, 37.000846 ], [ -95.08024, 37.000846 ], [ -94.849164, 37.000846 ], [ -94.618067, 37.000846 ], [ -94.618149, 36.875832 ], [ -94.618226, 36.750863 ], [ -94.618303, 36.625883 ], [ -94.61838, 36.500869 ] ] ] ] } },
{ "type": "Feature", "properties": { "name": "Oregon" }, "geometry": { "type": "MultiPolygon", "coordinates": [ [ [ [ -120.000809, 42.000559 ], [ -120.264464, 42.000559 ], [ -120.528114, 42.000559 ], [ -120.79177, 42.000559 ], [ -121.05542, 42.000559 ], [ -121.319075, 42.000559 ], [ -121.58273, 42.000559 ], [ -121.84638, 42.000559 ], [ -122.110063, 42.000559 ], [ -122.37374, 42.000559 ], [ -122.63739, 42.000559 ], [ -122.901046, 42.000559 ], [ -123.164701, 42.000559 ], [ -123.428351, 42.000559 ], [ -123.692007, 42.000559 ], [ -123.955656, 42.000559 ], [ -124.228409, 42.000768 ], [ -124.355273, 42.122881 ], [ -124.409996, 42.304342 ], [ -124.420515, 42.381005 ], [ -124.406173, 42.583681 ], [ -124.443795, 42.670209 ], [ -124.539629, 42.812866 ], [ -124.498573, 42.936858 ], [ -124.454441, 43.012367 ], [ -124.346588, 43.341649 ], [ -124.320595, 43.368203 ], [ -124.275485, 43.367379 ], [ -124.196938, 43.423344 ], [ -124.23316, 43.436363 ], [ -124.287987, 43.409699 ], [ -124.239208, 43.54003 ], [ -124.184353, 43.651552 ], [ -124.148719, 43.691729 ], [ -124.130663, 44.055662 ], [ -124.099165, 44.333781 ], [ -124.047464, 44.425506 ], [ -124.065443, 44.520076 ], [ -124.044541, 44.648231 ], [ -124.059192, 44.777727 ], [ -123.948603, 45.40085 ], [ -123.9631, 45.476084 ], [ -123.929355, 45.576961 ], [ -123.961216, 45.842995 ], [ -123.947131, 46.140592 ], [ -123.975245, 46.178341 ], [ -123.989302, 46.219397 ], [ -123.962946, 46.225451 ], [ -123.911684, 46.182198 ], [ -123.67361, 46.182604 ], [ -123.521631, 46.22266 ], [ -123.466358, 46.209433 ], [ -123.402281, 46.154962 ], [ -123.321564, 46.144009 ], [ -123.220589, 46.153622 ], [ -123.120904, 46.178781 ], [ -123.042275, 46.160027 ], [ -122.941997, 46.114862 ], [ -122.843373, 45.978094 ], [ -122.74643, 45.749688 ], [ -122.725913, 45.67375 ], [ -122.649849, 45.627443 ], [ -122.560964, 45.62507 ], [ -122.202535, 45.591067 ], [ -122.149927, 45.593759 ], [ -122.149905, 45.593858 ], [ -122.085124, 45.602647 ], [ -121.882014, 45.689461 ], [ -121.662519, 45.718135 ], [ -121.402121, 45.71184 ], [ -121.242698, 45.687033 ], [ -121.184278, 45.64378 ], [ -121.045241, 45.639044 ], [ -120.715777, 45.689823 ], [ -120.351432, 45.725166 ], [ -120.156046, 45.762168 ], [ -119.934276, 45.837875 ], [ -119.429113, 45.93417 ], [ -119.177345, 45.94508 ], [ -119.049909, 45.981488 ], [ -119.01968, 46.000341 ], [ -119.002421, 46.00055 ], [ -118.736986, 46.000813 ], [ -118.47155, 46.001044 ], [ -118.206088, 46.001275 ], [ -117.940653, 46.001538 ], [ -117.675217, 46.001791 ], [ -117.409755, 46.002022 ], [ -117.14432, 46.002253 ], [ -116.896479, 46.002099 ], [ -116.869194, 45.958483 ], [ -116.764725, 45.87291 ], [ -116.616827, 45.79917 ], [ -116.520917, 45.721914 ], [ -116.477043, 45.641088 ], [ -116.549157, 45.456737 ], [ -116.737342, 45.168841 ], [ -116.839553, 44.98516 ], [ -116.855857, 44.90574 ], [ -116.948955, 44.770114 ], [ -117.118919, 44.578314 ], [ -117.201701, 44.436206 ], [ -117.197312, 44.3438 ], [ -117.139744, 44.290264 ], [ -117.028952, 44.275542 ], [ -116.95319, 44.245308 ], [ -116.91242, 44.199473 ], [ -116.91131, 44.157406 ], [ -116.949779, 44.119009 ], [ -116.960683, 44.079118 ], [ -116.943967, 44.037677 ], [ -116.957634, 43.964135 ], [ -117.020498, 43.813194 ], [ -117.02024, 43.808437 ], [ -117.0198, 43.562925 ], [ -117.019339, 43.339727 ], [ -117.0189, 43.11654 ], [ -117.01846, 42.893352 ], [ -117.018021, 42.670165 ], [ -117.017581, 42.446967 ], [ -117.017114, 42.223779 ], [ -117.016675, 42.000559 ], [ -117.389705, 42.000559 ], [ -117.762701, 42.000559 ], [ -118.135731, 42.000559 ], [ -118.508756, 42.000559 ], [ -118.881758, 42.000559 ], [ -119.254782, 42.000559 ], [ -119.627807, 42.000559 ], [ -120.000809, 42.000559 ] ] ] ] } },
{ "type": "Feature", "properties": { "name": "Pennsylvania" }, "geometry": { "type": "MultiPolygon", "coordinates": [ [ [ [ -80.520762, 42.324392 ], [ -80.247576, 42.365997 ], [ -80.035726, 42.441463 ], [ -79.762024, 42.538977 ], [ -79.763035, 42.404746 ], [ -79.763002, 42.270131 ], [ -79.76298, 42.135515 ], [ -79.762958, 42.0009 ], [ -79.625079, 42.000801 ], [ -79.487234, 42.000746 ], [ -79.349388, 42.000669 ], [ -79.211521, 42.000592 ], [ -79.073642, 42.000515 ], [ -78.935775, 42.000438 ], [ -78.797897, 42.000329 ], [ -78.660051, 42.000274 ], [ -78.522206, 42.000197 ], [ -78.384327, 42.00012 ], [ -78.24646, 42.000043 ], [ -78.108581, 41.999966 ], [ -77.970714, 41.999889 ], [ -77.832868, 41.999812 ], [ -77.695023, 41.999735 ], [ -77.557145, 41.999658 ], [ -77.419277, 41.999581 ], [ -77.281432, 41.999505 ], [ -77.143575, 41.999428 ], [ -77.005708, 41.999351 ], [ -76.86784, 41.999274 ], [ -76.729962, 41.999197 ], [ -76.592094, 41.99912 ], [ -76.454238, 41.999043 ], [ -76.316393, 41.998966 ], [ -76.178525, 41.998878 ], [ -76.040647, 41.998801 ], [ -75.902779, 41.998725 ], [ -75.764901, 41.998648 ], [ -75.627055, 41.998571 ], [ -75.48921, 41.998494 ], [ -75.351342, 41.998417 ], [ -75.273977, 41.94666 ], [ -75.238864, 41.892201 ], [ -75.121893, 41.853364 ], [ -75.095537, 41.83171 ], [ -75.094768, 41.799487 ], [ -75.053679, 41.765045 ], [ -75.066906, 41.713212 ], [ -75.066192, 41.666608 ], [ -75.051361, 41.608369 ], [ -75.02273, 41.552866 ], [ -74.981257, 41.507702 ], [ -74.935367, 41.474369 ], [ -74.75662, 41.423909 ], [ -74.720365, 41.394861 ], [ -74.699051, 41.357299 ], [ -74.777779, 41.325076 ], [ -74.812485, 41.30151 ], [ -74.84139, 41.268595 ], [ -74.912296, 41.155271 ], [ -75.031541, 41.05178 ], [ -75.123036, 40.999002 ], [ -75.12275, 40.971766 ], [ -75.074926, 40.884458 ], [ -75.075564, 40.856267 ], [ -75.111797, 40.802105 ], [ -75.174737, 40.775518 ], [ -75.185691, 40.743822 ], [ -75.192282, 40.689868 ], [ -75.189019, 40.595814 ], [ -75.170518, 40.576797 ], [ -75.097448, 40.543135 ], [ -75.034046, 40.420374 ], [ -74.976379, 40.405828 ], [ -74.734889, 40.154504 ], [ -74.909297, 40.079545 ], [ -75.023532, 40.01745 ], [ -75.074168, 39.98348 ], [ -75.172924, 39.894777 ], [ -75.320877, 39.864696 ], [ -75.400638, 39.831572 ], [ -75.421029, 39.815422 ], [ -75.510446, 39.843438 ], [ -75.634581, 39.839482 ], [ -75.676823, 39.827233 ], [ -75.709145, 39.802898 ], [ -75.78472, 39.722357 ], [ -76.015532, 39.722379 ], [ -76.246322, 39.722434 ], [ -76.477112, 39.722456 ], [ -76.707901, 39.722489 ], [ -76.93868, 39.722511 ], [ -77.169492, 39.722533 ], [ -77.400304, 39.722566 ], [ -77.631094, 39.722588 ], [ -77.861883, 39.72261 ], [ -78.092695, 39.722643 ], [ -78.323507, 39.722665 ], [ -78.554297, 39.722687 ], [ -78.785086, 39.72272 ], [ -79.015898, 39.722742 ], [ -79.24671, 39.722775 ], [ -79.4775, 39.722797 ], [ -79.607743, 39.722742 ], [ -79.737997, 39.72272 ], [ -79.868218, 39.722687 ], [ -79.998472, 39.722643 ], [ -80.128725, 39.72261 ], [ -80.258946, 39.722588 ], [ -80.3892, 39.722533 ], [ -80.519443, 39.722511 ], [ -80.519553, 39.838186 ], [ -80.519652, 39.953839 ], [ -80.519762, 40.069492 ], [ -80.519861, 40.185145 ], [ -80.51996, 40.300798 ], [ -80.520069, 40.416473 ], [ -80.520168, 40.532149 ], [ -80.519081, 40.646956 ], [ -80.520278, 40.752655 ], [ -80.520278, 40.857509 ], [ -80.520278, 40.962362 ], [ -80.520278, 41.067183 ], [ -80.520278, 41.172014 ], [ -80.520278, 41.276857 ], [ -80.520278, 41.38171 ], [ -80.520278, 41.486564 ], [ -80.520278, 41.591417 ], [ -80.520278, 41.696238 ], [ -80.520278, 41.801069 ], [ -80.520278, 41.905923 ], [ -80.520278, 42.010766 ], [ -80.520278, 42.115619 ], [ -80.520278, 42.220473 ], [ -80.520762, 42.324392 ] ] ] ] } },
{ "type": "Feature", "properties": { "name": "Rhode Island" }, "geometry": { "type": "MultiPolygon", "coordinates": [ [ [ [ -71.842353, 41.335513 ], [ -71.829873, 41.392741 ], [ -71.804527, 41.416746 ], [ -71.799232, 41.47917 ], [ -71.795793, 41.519951 ], [ -71.796518, 41.588858 ], [ -71.79732, 41.667586 ], [ -71.798199, 41.753114 ], [ -71.798968, 41.828502 ], [ -71.799561, 41.883027 ], [ -71.800319, 41.95824 ], [ -71.800836, 42.011963 ], [ -71.725821, 42.012864 ], [ -71.623242, 42.014028 ], [ -71.524134, 42.015237 ], [ -71.462534, 42.015962 ], [ -71.387135, 42.016863 ], [ -71.383927, 41.971731 ], [ -71.379071, 41.902407 ], [ -71.33763, 41.891443 ], [ -71.339487, 41.835171 ], [ -71.340728, 41.797916 ], [ -71.304737, 41.774658 ], [ -71.267889, 41.75084 ], [ -71.233765, 41.706554 ], [ -71.271075, 41.681231 ], [ -71.310758, 41.719881 ], [ -71.330599, 41.762255 ], [ -71.359152, 41.786238 ], [ -71.390156, 41.795335 ], [ -71.363679, 41.702731 ], [ -71.426542, 41.633297 ], [ -71.443802, 41.453693 ], [ -71.52286, 41.378975 ], [ -71.769283, 41.33091 ], [ -71.842353, 41.335513 ] ] ], [ [ [ -71.241379, 41.491969 ], [ -71.290938, 41.464602 ], [ -71.346232, 41.469403 ], [ -71.318151, 41.506306 ], [ -71.307473, 41.560491 ], [ -71.280194, 41.620048 ], [ -71.264483, 41.63823 ], [ -71.232052, 41.654303 ], [ -71.241379, 41.491969 ] ] ], [ [ [ -71.36536, 41.485267 ], [ -71.393078, 41.466745 ], [ -71.403383, 41.51504 ], [ -71.383981, 41.570532 ], [ -71.364316, 41.571807 ], [ -71.354472, 41.542297 ], [ -71.36536, 41.485267 ] ] ] ] } },
{ "type": "Feature", "properties": { "name": "South Carolina" }, "geometry": { "type": "MultiPolygon", "coordinates": [ [ [ [ -80.872346, 32.029565 ], [ -81.074813, 32.109699 ], [ -81.135018, 32.181858 ], [ -81.132953, 32.27467 ], [ -81.171504, 32.380139 ], [ -81.290332, 32.557239 ], [ -81.37697, 32.607468 ], [ -81.433813, 32.728032 ], [ -81.489778, 32.935663 ], [ -81.57824, 33.068575 ], [ -81.69932, 33.126759 ], [ -81.780322, 33.195292 ], [ -81.821279, 33.274096 ], [ -81.864093, 33.325436 ], [ -81.908741, 33.349254 ], [ -81.932845, 33.38987 ], [ -81.936394, 33.447285 ], [ -82.005718, 33.522893 ], [ -82.208361, 33.663584 ], [ -82.256623, 33.749233 ], [ -82.351897, 33.837728 ], [ -82.589344, 34.017618 ], [ -82.589268, 34.017377 ], [ -82.818585, 34.366017 ], [ -82.818607, 34.366072 ], [ -82.847732, 34.436911 ], [ -82.896819, 34.465806 ], [ -82.975679, 34.476396 ], [ -83.052781, 34.51086 ], [ -83.165896, 34.598531 ], [ -83.166522, 34.599597 ], [ -83.355575, 34.708318 ], [ -83.316716, 34.805657 ], [ -83.1704, 34.932911 ], [ -83.121357, 35.000554 ], [ -83.114821, 35.001477 ], [ -83.09655, 35.001642 ], [ -82.936974, 35.04417 ], [ -82.777529, 35.086643 ], [ -82.743966, 35.084061 ], [ -82.651483, 35.128039 ], [ -82.463957, 35.177961 ], [ -82.392535, 35.210931 ], [ -82.356083, 35.201626 ], [ -82.197484, 35.195891 ], [ -82.038885, 35.190156 ], [ -81.880298, 35.184421 ], [ -81.721699, 35.178675 ], [ -81.5631, 35.172941 ], [ -81.404513, 35.167206 ], [ -81.245914, 35.161471 ], [ -81.087316, 35.155714 ], [ -81.05662, 35.145508 ], [ -81.046853, 35.131083 ], [ -81.051171, 35.088972 ], [ -81.045249, 35.065615 ], [ -80.933683, 35.113669 ], [ -80.881695, 35.057914 ], [ -80.79297, 34.962772 ], [ -80.789278, 34.90717 ], [ -80.784082, 34.828629 ], [ -80.642776, 34.824641 ], [ -80.501459, 34.820664 ], [ -80.36013, 34.816687 ], [ -80.218824, 34.81271 ], [ -80.077507, 34.808733 ], [ -79.936179, 34.804745 ], [ -79.794862, 34.800768 ], [ -79.653556, 34.796791 ], [ -79.518523, 34.682643 ], [ -79.383468, 34.568506 ], [ -79.248413, 34.45438 ], [ -79.11338, 34.340232 ], [ -78.978347, 34.226073 ], [ -78.843292, 34.111947 ], [ -78.708237, 33.997821 ], [ -78.564272, 33.876664 ], [ -78.577709, 33.873225 ], [ -78.841435, 33.724097 ], [ -78.920295, 33.658695 ], [ -79.138187, 33.405921 ], [ -79.193822, 33.244148 ], [ -79.23836, 33.312153 ], [ -79.22733, 33.363163 ], [ -79.226473, 33.404889 ], [ -79.281328, 33.315438 ], [ -79.229242, 33.185129 ], [ -79.276011, 33.135394 ], [ -79.419931, 33.042527 ], [ -79.498681, 33.027311 ], [ -79.587121, 33.000877 ], [ -79.614928, 32.909263 ], [ -79.735019, 32.824789 ], [ -79.804991, 32.78738 ], [ -79.933103, 32.810034 ], [ -79.89364, 32.728702 ], [ -79.940727, 32.667157 ], [ -80.021752, 32.619894 ], [ -80.122551, 32.589099 ], [ -80.180317, 32.592889 ], [ -80.229668, 32.576509 ], [ -80.268351, 32.537342 ], [ -80.362844, 32.500725 ], [ -80.460974, 32.521346 ], [ -80.572233, 32.533695 ], [ -80.634195, 32.511733 ], [ -80.530012, 32.475379 ], [ -80.474278, 32.422777 ], [ -80.485726, 32.351827 ], [ -80.513631, 32.324405 ], [ -80.579341, 32.287326 ], [ -80.608224, 32.292809 ], [ -80.625846, 32.326273 ], [ -80.647214, 32.395926 ], [ -80.677778, 32.381128 ], [ -80.683052, 32.348641 ], [ -80.709331, 32.33704 ], [ -80.802561, 32.448045 ], [ -80.797881, 32.363396 ], [ -80.765328, 32.298313 ], [ -80.73383, 32.265321 ], [ -80.702047, 32.245908 ], [ -80.694214, 32.21574 ], [ -80.758011, 32.142175 ], [ -80.790795, 32.125838 ], [ -80.849242, 32.113929 ], [ -80.882058, 32.068611 ], [ -80.872346, 32.029565 ] ] ] ] } },
{ "type": "Feature", "properties": { "name": "South Dakota" }, "geometry": { "type": "MultiPolygon", "coordinates": [ [ [ [ -96.453619, 43.501171 ], [ -96.598622, 43.497501 ], [ -96.581285, 43.434923 ], [ -96.541647, 43.373455 ], [ -96.534956, 43.338057 ], [ -96.542526, 43.309031 ], [ -96.569942, 43.283323 ], [ -96.563454, 43.242685 ], [ -96.55539, 43.231676 ], [ -96.49028, 43.205529 ], [ -96.468137, 43.17023 ], [ -96.461293, 43.129767 ], [ -96.462688, 43.099181 ], [ -96.502112, 43.043294 ], [ -96.513274, 42.969059 ], [ -96.562576, 42.85857 ], [ -96.616084, 42.791388 ], [ -96.626835, 42.757001 ], [ -96.62177, 42.729535 ], [ -96.538702, 42.658585 ], [ -96.53361, 42.630164 ], [ -96.506326, 42.593579 ], [ -96.480953, 42.511259 ], [ -96.55795, 42.524794 ], [ -96.632778, 42.568673 ], [ -96.675542, 42.637601 ], [ -96.804527, 42.701421 ], [ -97.019733, 42.760176 ], [ -97.164478, 42.813196 ], [ -97.23879, 42.860536 ], [ -97.416658, 42.881004 ], [ -97.698139, 42.874643 ], [ -97.880918, 42.849583 ], [ -97.964947, 42.805868 ], [ -98.143283, 42.852263 ], [ -98.441765, 43.001095 ], [ -98.837141, 43.001249 ], [ -99.183271, 43.001249 ], [ -99.529373, 43.001249 ], [ -99.875475, 43.001249 ], [ -100.221605, 43.001249 ], [ -100.567708, 43.001282 ], [ -100.91381, 43.001304 ], [ -101.25994, 43.001304 ], [ -101.606064, 43.001304 ], [ -101.952172, 43.001326 ], [ -102.298274, 43.001359 ], [ -102.644398, 43.001359 ], [ -102.990528, 43.001359 ], [ -103.33663, 43.001381 ], [ -103.682738, 43.001403 ], [ -104.028862, 43.001403 ], [ -104.029895, 43.251364 ], [ -104.030955, 43.501325 ], [ -104.032016, 43.751286 ], [ -104.033048, 44.001269 ], [ -104.034081, 44.251251 ], [ -104.035119, 44.501212 ], [ -104.036152, 44.751173 ], [ -104.037212, 45.001134 ], [ -104.02928, 45.001079 ], [ -104.021348, 45.001057 ], [ -104.013416, 45.001024 ], [ -104.005478, 45.00097 ], [ -104.005302, 45.004101 ], [ -104.005143, 45.007232 ], [ -104.004962, 45.010352 ], [ -104.00478, 45.013483 ], [ -104.006357, 45.245866 ], [ -104.007934, 45.47826 ], [ -104.00951, 45.710642 ], [ -104.011087, 45.943058 ], [ -103.778132, 45.943036 ], [ -103.545173, 45.943036 ], [ -103.312213, 45.943036 ], [ -103.079259, 45.943036 ], [ -102.8463, 45.943036 ], [ -102.613345, 45.943014 ], [ -102.380386, 45.942981 ], [ -102.147426, 45.942981 ], [ -101.914472, 45.942981 ], [ -101.681513, 45.942981 ], [ -101.448558, 45.942981 ], [ -101.215599, 45.942959 ], [ -100.982645, 45.942937 ], [ -100.749685, 45.942937 ], [ -100.516725, 45.942937 ], [ -100.283744, 45.942937 ], [ -100.050762, 45.942937 ], [ -99.817803, 45.942904 ], [ -99.584849, 45.942882 ], [ -99.351889, 45.942882 ], [ -99.118929, 45.942882 ], [ -98.885975, 45.942882 ], [ -98.653016, 45.942882 ], [ -98.420062, 45.94286 ], [ -98.187102, 45.942827 ], [ -97.954142, 45.942827 ], [ -97.721188, 45.942827 ], [ -97.488229, 45.942827 ], [ -97.255275, 45.942827 ], [ -97.022315, 45.942805 ], [ -96.789355, 45.942773 ], [ -96.556401, 45.942773 ], [ -96.591052, 45.843269 ], [ -96.614689, 45.799972 ], [ -96.662672, 45.755653 ], [ -96.813619, 45.659182 ], [ -96.85106, 45.626004 ], [ -96.845452, 45.595868 ], [ -96.81491, 45.557427 ], [ -96.737527, 45.467845 ], [ -96.696109, 45.431776 ], [ -96.529759, 45.371549 ], [ -96.453668, 45.297337 ], [ -96.453668, 45.072809 ], [ -96.453668, 44.848292 ], [ -96.453668, 44.623787 ], [ -96.453641, 44.399259 ], [ -96.453619, 44.174721 ], [ -96.453619, 43.950215 ], [ -96.453619, 43.725698 ], [ -96.453619, 43.501171 ] ] ] ] } },
{ "type": "Feature", "properties": { "name": "Tennessee" }, "geometry": { "type": "MultiPolygon", "coordinates": [ [ [ [ -85.623604, 35.000862 ], [ -85.784037, 35.002356 ], [ -85.944437, 35.003861 ], [ -86.104871, 35.00541 ], [ -86.265293, 35.006904 ], [ -86.425726, 35.008409 ], [ -86.58616, 35.009903 ], [ -86.746582, 35.011409 ], [ -86.907015, 35.012925 ], [ -87.067449, 35.014452 ], [ -87.227871, 35.015946 ], [ -87.388305, 35.017451 ], [ -87.548738, 35.018945 ], [ -87.70916, 35.02045 ], [ -87.869594, 35.021966 ], [ -88.029994, 35.023494 ], [ -88.190427, 35.024999 ], [ -88.203139, 35.024197 ], [ -88.19079, 35.012046 ], [ -88.173267, 34.999005 ], [ -88.444772, 34.999126 ], [ -88.710421, 34.999412 ], [ -88.97606, 34.999697 ], [ -89.241698, 34.999983 ], [ -89.507348, 35.000268 ], [ -89.772997, 35.000554 ], [ -90.038635, 35.00084 ], [ -90.293705, 35.001114 ], [ -90.29376, 35.004476 ], [ -90.255956, 35.046389 ], [ -90.14227, 35.114296 ], [ -90.092919, 35.203592 ], [ -90.107882, 35.314203 ], [ -90.066024, 35.414112 ], [ -89.967345, 35.50331 ], [ -89.92652, 35.591652 ], [ -89.943505, 35.679136 ], [ -89.894561, 35.750503 ], [ -89.779655, 35.805742 ], [ -89.763593, 35.828044 ], [ -89.768108, 35.845249 ], [ -89.769943, 35.864299 ], [ -89.768932, 35.8721 ], [ -89.763593, 35.888766 ], [ -89.738214, 35.898741 ], [ -89.703772, 35.906904 ], [ -89.688908, 35.920956 ], [ -89.689171, 35.943599 ], [ -89.70932, 35.98305 ], [ -89.704772, 36.001573 ], [ -89.697697, 36.030303 ], [ -89.641886, 36.104515 ], [ -89.63413, 36.167917 ], [ -89.674549, 36.220575 ], [ -89.654081, 36.247964 ], [ -89.627988, 36.255259 ], [ -89.594623, 36.259445 ], [ -89.583549, 36.272233 ], [ -89.583549, 36.287657 ], [ -89.611707, 36.321968 ], [ -89.604093, 36.351916 ], [ -89.55527, 36.372922 ], [ -89.540603, 36.426667 ], [ -89.557313, 36.501078 ], [ -89.487221, 36.503066 ], [ -89.485386, 36.498133 ], [ -89.471488, 36.488883 ], [ -89.451823, 36.497518 ], [ -89.450329, 36.500023 ], [ -89.251784, 36.499946 ], [ -89.079079, 36.499913 ], [ -88.906373, 36.499891 ], [ -88.733646, 36.499836 ], [ -88.560919, 36.499792 ], [ -88.388214, 36.499759 ], [ -88.215509, 36.499737 ], [ -88.059108, 36.499683 ], [ -88.05601, 36.500946 ], [ -88.056713, 36.59032 ], [ -88.096297, 36.693009 ], [ -88.091122, 36.6928 ], [ -87.956298, 36.681968 ], [ -87.868715, 36.675046 ], [ -87.839151, 36.643966 ], [ -87.506254, 36.649185 ], [ -87.173357, 36.654403 ], [ -86.84046, 36.659622 ], [ -86.507586, 36.66484 ], [ -86.160451, 36.655073 ], [ -85.813283, 36.645339 ], [ -85.466126, 36.635594 ], [ -85.11898, 36.625828 ], [ -84.771845, 36.616061 ], [ -84.424688, 36.606316 ], [ -84.07752, 36.596582 ], [ -83.730385, 36.586815 ], [ -83.722507, 36.589089 ], [ -83.714652, 36.591363 ], [ -83.706797, 36.593638 ], [ -83.698942, 36.595901 ], [ -83.691086, 36.598175 ], [ -83.683231, 36.600449 ], [ -83.675376, 36.602723 ], [ -83.667521, 36.60503 ], [ -83.440763, 36.604119 ], [ -82.955837, 36.60213 ], [ -82.611779, 36.600713 ], [ -82.329386, 36.599548 ], [ -82.162185, 36.598856 ], [ -81.952511, 36.598021 ], [ -81.905336, 36.618544 ], [ -81.800713, 36.615182 ], [ -81.65889, 36.610579 ], [ -81.704418, 36.533993 ], [ -81.707648, 36.481962 ], [ -81.733323, 36.405914 ], [ -81.734125, 36.355454 ], [ -81.80826, 36.352718 ], [ -81.851151, 36.3397 ], [ -81.908247, 36.306411 ], [ -82.051366, 36.122862 ], [ -82.100618, 36.106526 ], [ -82.182499, 36.153789 ], [ -82.294944, 36.13397 ], [ -82.368245, 36.099549 ], [ -82.478426, 36.010055 ], [ -82.52113, 35.981216 ], [ -82.553408, 35.970987 ], [ -82.576842, 35.972273 ], [ -82.588751, 35.986951 ], [ -82.598101, 36.031599 ], [ -82.611097, 36.047364 ], [ -82.644924, 36.046793 ], [ -82.700087, 36.029841 ], [ -82.75559, 35.999871 ], [ -82.812817, 35.947444 ], [ -82.887722, 35.951728 ], [ -82.901862, 35.939171 ], [ -82.920253, 35.8789 ], [ -82.949476, 35.834526 ], [ -82.990203, 35.800447 ], [ -83.120369, 35.774618 ], [ -83.284241, 35.682058 ], [ -83.511119, 35.584082 ], [ -83.722716, 35.559901 ], [ -83.811705, 35.54029 ], [ -83.871306, 35.51489 ], [ -84.003735, 35.414069 ], [ -84.062281, 35.286012 ], [ -84.128584, 35.261413 ], [ -84.232471, 35.260589 ], [ -84.261101, 35.249581 ], [ -84.286974, 35.200846 ], [ -84.32469, 34.988096 ], [ -84.649424, 34.991304 ], [ -84.974158, 34.994479 ], [ -85.298892, 34.997654 ], [ -85.623604, 35.000862 ] ] ] ] } },
{ "type": "Feature", "properties": { "name": "Texas" }, "geometry": { "type": "MultiPolygon", "coordinates": [ [ [ [ -94.484149, 33.648434 ], [ -94.432008, 33.599731 ], [ -94.390122, 33.585603 ], [ -94.377955, 33.566113 ], [ -94.357674, 33.560972 ], [ -94.33256, 33.565036 ], [ -94.294679, 33.58746 ], [ -94.238456, 33.581208 ], [ -94.191534, 33.589009 ], [ -94.098798, 33.57733 ], [ -94.047327, 33.554435 ], [ -94.045805, 33.418841 ], [ -94.044306, 33.283215 ], [ -94.042806, 33.147589 ], [ -94.041307, 33.011996 ], [ -94.041565, 32.885378 ], [ -94.041801, 32.758805 ], [ -94.042032, 32.63222 ], [ -94.04229, 32.505614 ], [ -94.042548, 32.379007 ], [ -94.042806, 32.252423 ], [ -94.043064, 32.125838 ], [ -94.043301, 31.999232 ], [ -93.905065, 31.876998 ], [ -93.845585, 31.792942 ], [ -93.826798, 31.75026 ], [ -93.820652, 31.603966 ], [ -93.806902, 31.568799 ], [ -93.737578, 31.513812 ], [ -93.736057, 31.477667 ], [ -93.663657, 31.372198 ], [ -93.665882, 31.322584 ], [ -93.596992, 31.209754 ], [ -93.557749, 31.180421 ], [ -93.551443, 31.104066 ], [ -93.530591, 31.04619 ], [ -93.562654, 31.004903 ], [ -93.549196, 30.947719 ], [ -93.568675, 30.894655 ], [ -93.579194, 30.823805 ], [ -93.624721, 30.714348 ], [ -93.665206, 30.660768 ], [ -93.720215, 30.558265 ], [ -93.715205, 30.473253 ], [ -93.746626, 30.380363 ], [ -93.750394, 30.344713 ], [ -93.720967, 30.282904 ], [ -93.710629, 30.112813 ], [ -93.726933, 30.077108 ], [ -93.79401, 29.977264 ], [ -93.841449, 29.979747 ], [ -93.946302, 29.815007 ], [ -93.886383, 29.722634 ], [ -93.890464, 29.689356 ], [ -94.099677, 29.670383 ], [ -94.574457, 29.484527 ], [ -94.759609, 29.384255 ], [ -94.750128, 29.418027 ], [ -94.526265, 29.547962 ], [ -94.605334, 29.567804 ], [ -94.732638, 29.53535 ], [ -94.778291, 29.547863 ], [ -94.724365, 29.655299 ], [ -94.741938, 29.74999 ], [ -94.832322, 29.752605 ], [ -94.889913, 29.676953 ], [ -94.929859, 29.68015 ], [ -94.982286, 29.712603 ], [ -95.022875, 29.70232 ], [ -94.992827, 29.530934 ], [ -94.935907, 29.460478 ], [ -94.888287, 29.370555 ], [ -95.018332, 29.25945 ], [ -95.139044, 29.167835 ], [ -95.152145, 29.079231 ], [ -95.273506, 28.963863 ], [ -95.387637, 28.89844 ], [ -95.655863, 28.744598 ], [ -95.732394, 28.711705 ], [ -95.853419, 28.640349 ], [ -96.020411, 28.586834 ], [ -96.180531, 28.501877 ], [ -96.234535, 28.48899 ], [ -96.132291, 28.560896 ], [ -96.011034, 28.631944 ], [ -96.115031, 28.622232 ], [ -96.27536, 28.655125 ], [ -96.37344, 28.657037 ], [ -96.374111, 28.631098 ], [ -96.448735, 28.594481 ], [ -96.526041, 28.648303 ], [ -96.559708, 28.684448 ], [ -96.575704, 28.715715 ], [ -96.608515, 28.723307 ], [ -96.64004, 28.708761 ], [ -96.524645, 28.488704 ], [ -96.475476, 28.47919 ], [ -96.42111, 28.457339 ], [ -96.488808, 28.406065 ], [ -96.561697, 28.367163 ], [ -96.676339, 28.34129 ], [ -96.773546, 28.421622 ], [ -96.794579, 28.320855 ], [ -96.806901, 28.220188 ], [ -96.839508, 28.194403 ], [ -96.8916, 28.157555 ], [ -96.919867, 28.185339 ], [ -96.933276, 28.224275 ], [ -96.966636, 28.189547 ], [ -97.01547, 28.163454 ], [ -97.096033, 28.158258 ], [ -97.156491, 28.14436 ], [ -97.155074, 28.102656 ], [ -97.141275, 28.060765 ], [ -97.034329, 28.093845 ], [ -97.073088, 27.986091 ], [ -97.171454, 27.879567 ], [ -97.251578, 27.85442 ], [ -97.37413, 27.870031 ], [ -97.404386, 27.859309 ], [ -97.431517, 27.837215 ], [ -97.288733, 27.670608 ], [ -97.380458, 27.419361 ], [ -97.439109, 27.328285 ], [ -97.47978, 27.316573 ], [ -97.523863, 27.313969 ], [ -97.682148, 27.394917 ], [ -97.768446, 27.457495 ], [ -97.692377, 27.287141 ], [ -97.485103, 27.237406 ], [ -97.474512, 27.172938 ], [ -97.475671, 27.117885 ], [ -97.516524, 27.053209 ], [ -97.554712, 26.967351 ], [ -97.526494, 26.907508 ], [ -97.49381, 26.75961 ], [ -97.465828, 26.691759 ], [ -97.435082, 26.485853 ], [ -97.402316, 26.396534 ], [ -97.213933, 26.067867 ], [ -97.150372, 26.065307 ], [ -97.140187, 26.029733 ], [ -97.146235, 25.961464 ], [ -97.281785, 25.941623 ], [ -97.33865, 25.91118 ], [ -97.349735, 25.88478 ], [ -97.358162, 25.87052 ], [ -97.375624, 25.871805 ], [ -97.440273, 25.890822 ], [ -97.587243, 25.984206 ], [ -97.801416, 26.042049 ], [ -98.082792, 26.064428 ], [ -98.275031, 26.111197 ], [ -98.378121, 26.182356 ], [ -98.48587, 26.224576 ], [ -98.598293, 26.237858 ], [ -98.691413, 26.276453 ], [ -98.76523, 26.340405 ], [ -98.873209, 26.38123 ], [ -99.015268, 26.398962 ], [ -99.107767, 26.446917 ], [ -99.172081, 26.564141 ], [ -99.172367, 26.565921 ], [ -99.22993, 26.761928 ], [ -99.302462, 26.884711 ], [ -99.443537, 27.036674 ], [ -99.456506, 27.056615 ], [ -99.456534, 27.05667 ], [ -99.45772, 27.081707 ], [ -99.440258, 27.170125 ], [ -99.455139, 27.233714 ], [ -99.499814, 27.285515 ], [ -99.51007, 27.340326 ], [ -99.485834, 27.398048 ], [ -99.484258, 27.467393 ], [ -99.505319, 27.548341 ], [ -99.595313, 27.63588 ], [ -99.754269, 27.729934 ], [ -99.889631, 27.867296 ], [ -100.001412, 28.047845 ], [ -100.111945, 28.172957 ], [ -100.221265, 28.242622 ], [ -100.296043, 28.327678 ], [ -100.336275, 28.428137 ], [ -100.348157, 28.48643 ], [ -100.331727, 28.502547 ], [ -100.398903, 28.614223 ], [ -100.549695, 28.821338 ], [ -100.636306, 28.972806 ], [ -100.65863, 29.068541 ], [ -100.754596, 29.182513 ], [ -100.924142, 29.314701 ], [ -101.016334, 29.400658 ], [ -101.038631, 29.460291 ], [ -101.038972, 29.460401 ], [ -101.303528, 29.634084 ], [ -101.380344, 29.742552 ], [ -101.44039, 29.776841 ], [ -101.509302, 29.773116 ], [ -101.544623, 29.783531 ], [ -101.546381, 29.808075 ], [ -101.568705, 29.809239 ], [ -101.611596, 29.78697 ], [ -101.752336, 29.782476 ], [ -101.990899, 29.795704 ], [ -102.163087, 29.825257 ], [ -102.268919, 29.871169 ], [ -102.343076, 29.864973 ], [ -102.385659, 29.806657 ], [ -102.476247, 29.769084 ], [ -102.614944, 29.752341 ], [ -102.73419, 29.64395 ], [ -102.834, 29.443966 ], [ -102.877825, 29.315316 ], [ -102.865679, 29.258033 ], [ -102.892008, 29.216384 ], [ -102.956811, 29.190368 ], [ -103.022828, 29.132207 ], [ -103.090009, 29.041866 ], [ -103.168298, 28.998173 ], [ -103.257699, 29.001129 ], [ -103.422933, 29.070683 ], [ -103.663979, 29.206903 ], [ -103.852905, 29.29108 ], [ -103.989746, 29.323171 ], [ -104.110617, 29.386112 ], [ -104.21552, 29.479902 ], [ -104.312205, 29.542436 ], [ -104.400623, 29.573747 ], [ -104.503977, 29.677667 ], [ -104.622212, 29.854272 ], [ -104.68133, 29.990525 ], [ -104.68133, 30.134358 ], [ -104.835896, 30.447655 ], [ -104.917854, 30.583358 ], [ -104.978834, 30.645936 ], [ -105.098151, 30.720555 ], [ -105.275816, 30.80727 ], [ -105.513994, 30.980766 ], [ -105.812707, 31.241043 ], [ -106.02409, 31.397774 ], [ -106.148065, 31.450926 ], [ -106.255703, 31.544662 ], [ -106.346967, 31.678991 ], [ -106.436027, 31.764465 ], [ -106.445382, 31.768398 ], [ -106.566358, 31.819529 ], [ -106.566281, 31.819529 ], [ -106.668262, 32.000946 ], [ -106.662219, 32.001297 ], [ -106.43745, 32.001407 ], [ -106.212659, 32.001484 ], [ -105.987868, 32.001561 ], [ -105.763076, 32.00166 ], [ -105.53828, 32.00177 ], [ -105.313488, 32.001847 ], [ -105.088697, 32.001924 ], [ -104.863928, 32.002022 ], [ -104.639164, 32.002132 ], [ -104.414373, 32.002209 ], [ -104.189576, 32.002286 ], [ -103.964785, 32.002385 ], [ -103.739993, 32.002495 ], [ -103.515202, 32.002572 ], [ -103.290405, 32.002649 ], [ -103.065642, 32.002748 ], [ -103.064169, 32.283866 ], [ -103.062719, 32.564984 ], [ -103.061247, 32.846113 ], [ -103.059775, 33.127231 ], [ -103.058303, 33.408349 ], [ -103.056831, 33.689468 ], [ -103.055358, 33.970586 ], [ -103.053886, 34.251682 ], [ -103.052414, 34.532778 ], [ -103.050942, 34.813896 ], [ -103.049492, 35.095015 ], [ -103.04802, 35.376133 ], [ -103.046547, 35.657251 ], [ -103.045103, 35.93838 ], [ -103.043625, 36.219498 ], [ -103.042153, 36.500616 ], [ -103.000295, 36.501232 ], [ -102.812918, 36.50121 ], [ -102.625562, 36.501188 ], [ -102.438212, 36.501188 ], [ -102.250835, 36.501155 ], [ -102.063452, 36.501133 ], [ -101.876102, 36.501133 ], [ -101.688747, 36.501111 ], [ -101.50137, 36.501078 ], [ -101.313992, 36.501056 ], [ -101.126637, 36.501023 ], [ -100.939287, 36.500979 ], [ -100.751904, 36.500979 ], [ -100.564527, 36.500946 ], [ -100.377177, 36.500924 ], [ -100.189822, 36.500924 ], [ -100.002444, 36.500902 ], [ -100.002236, 36.381239 ], [ -100.002054, 36.261609 ], [ -100.001873, 36.141979 ], [ -100.00167, 36.022349 ], [ -100.001461, 35.902718 ], [ -100.00128, 35.783088 ], [ -100.001099, 35.663458 ], [ -100.000895, 35.543828 ], [ -100.000687, 35.424198 ], [ -100.000505, 35.304568 ], [ -100.000324, 35.184938 ], [ -100.000115, 35.065275 ], [ -99.999912, 34.945622 ], [ -99.999731, 34.825992 ], [ -99.99955, 34.706362 ], [ -99.999341, 34.586721 ], [ -99.94069, 34.576339 ], [ -99.867027, 34.543369 ], [ -99.685615, 34.415829 ], [ -99.632029, 34.388495 ], [ -99.536168, 34.404744 ], [ -99.432298, 34.38922 ], [ -99.404986, 34.392065 ], [ -99.38465, 34.446788 ], [ -99.374938, 34.457873 ], [ -99.360387, 34.456094 ], [ -99.270316, 34.407226 ], [ -99.252875, 34.388077 ], [ -99.19991, 34.318314 ], [ -99.186578, 34.235477 ], [ -99.157508, 34.223282 ], [ -99.102291, 34.213472 ], [ -98.96884, 34.208605 ], [ -98.798953, 34.154739 ], [ -98.730118, 34.146576 ], [ -98.608395, 34.161275 ], [ -98.493851, 34.088777 ], [ -98.453674, 34.078131 ], [ -98.420419, 34.088052 ], [ -98.355978, 34.141511 ], [ -98.214079, 34.135337 ], [ -98.098635, 34.145027 ], [ -98.089587, 34.084097 ], [ -98.069383, 34.040305 ], [ -97.973962, 33.993734 ], [ -97.951072, 33.971212 ], [ -97.946238, 33.897076 ], [ -97.92159, 33.878367 ], [ -97.882858, 33.871116 ], [ -97.842422, 33.875785 ], [ -97.795291, 33.899065 ], [ -97.691937, 33.972135 ], [ -97.660362, 33.990043 ], [ -97.640933, 33.991669 ], [ -97.621789, 33.987768 ], [ -97.605925, 33.971651 ], [ -97.571247, 33.91594 ], [ -97.481565, 33.885705 ], [ -97.430171, 33.838508 ], [ -97.398492, 33.831323 ], [ -97.363611, 33.840178 ], [ -97.308163, 33.869226 ], [ -97.264679, 33.867776 ], [ -97.214938, 33.897109 ], [ -97.194762, 33.890616 ], [ -97.186182, 33.870083 ], [ -97.201013, 33.808164 ], [ -97.192488, 33.784631 ], [ -97.172383, 33.75688 ], [ -97.145071, 33.737687 ], [ -97.119, 33.734764 ], [ -97.09895, 33.750442 ], [ -97.061229, 33.8285 ], [ -97.063838, 33.8568 ], [ -97.02159, 33.866512 ], [ -97.002161, 33.881597 ], [ -96.977694, 33.938033 ], [ -96.934051, 33.95348 ], [ -96.911001, 33.950437 ], [ -96.889996, 33.934617 ], [ -96.847572, 33.883179 ], [ -96.746283, 33.854186 ], [ -96.720213, 33.85279 ], [ -96.694016, 33.863799 ], [ -96.648538, 33.906382 ], [ -96.625132, 33.911446 ], [ -96.606345, 33.905635 ], [ -96.595364, 33.899405 ], [ -96.59159, 33.849275 ], [ -96.487204, 33.7923 ], [ -96.41114, 33.775205 ], [ -96.336752, 33.717713 ], [ -96.315048, 33.711122 ], [ -96.278562, 33.757627 ], [ -96.207272, 33.774062 ], [ -96.139344, 33.821963 ], [ -95.941579, 33.882838 ], [ -95.863082, 33.863304 ], [ -95.783914, 33.864502 ], [ -95.763166, 33.891473 ], [ -95.622789, 33.930255 ], [ -95.594471, 33.945163 ], [ -95.555712, 33.926091 ], [ -95.541836, 33.898164 ], [ -95.523494, 33.886562 ], [ -95.427117, 33.872785 ], [ -95.373888, 33.874269 ], [ -95.276016, 33.910622 ], [ -95.238031, 33.956479 ], [ -95.21586, 33.959039 ], [ -95.146075, 33.936616 ], [ -94.962389, 33.843408 ], [ -94.869374, 33.768196 ], [ -94.765734, 33.731611 ], [ -94.709198, 33.699289 ], [ -94.484149, 33.648434 ] ] ], [ [ [ -95.039695, 29.145918 ], [ -95.089666, 29.136305 ], [ -94.87167, 29.290146 ], [ -94.825989, 29.341309 ], [ -94.767618, 29.339035 ], [ -94.864952, 29.252892 ], [ -95.039695, 29.145918 ] ] ], [ [ [ -96.7644, 28.152567 ], [ -96.801116, 28.148414 ], [ -96.755611, 28.202434 ], [ -96.68164, 28.229702 ], [ -96.519322, 28.333468 ], [ -96.453124, 28.340598 ], [ -96.418633, 28.376325 ], [ -96.403565, 28.381577 ], [ -96.413332, 28.337807 ], [ -96.543893, 28.275592 ], [ -96.7644, 28.152567 ] ] ], [ [ [ -97.014355, 27.901628 ], [ -97.036009, 27.899178 ], [ -96.987642, 27.981026 ], [ -96.978672, 28.013842 ], [ -96.899301, 28.117454 ], [ -96.857416, 28.132912 ], [ -96.839766, 28.088802 ], [ -96.92134, 28.01604 ], [ -97.014355, 27.901628 ] ] ], [ [ [ -97.353613, 27.300061 ], [ -97.384825, 27.242525 ], [ -97.376223, 27.328252 ], [ -97.29504, 27.523072 ], [ -97.130008, 27.77913 ], [ -97.060558, 27.822021 ], [ -97.250907, 27.541189 ], [ -97.353613, 27.300061 ] ] ], [ [ [ -97.170702, 26.159383 ], [ -97.184501, 26.112933 ], [ -97.267316, 26.329759 ], [ -97.402085, 26.820507 ], [ -97.407177, 27.100208 ], [ -97.38599, 27.196503 ], [ -97.351235, 26.801468 ], [ -97.202227, 26.299788 ], [ -97.170702, 26.159383 ] ] ] ] } },
{ "type": "Feature", "properties": { "name": "Utah" }, "geometry": { "type": "MultiPolygon", "coordinates": [ [ [ [ -109.04667, 37.000846 ], [ -109.35877, 37.001055 ], [ -109.67087, 37.001252 ], [ -109.982969, 37.001461 ], [ -110.295069, 37.00167 ], [ -110.607168, 37.001879 ], [ -110.919268, 37.002087 ], [ -111.231373, 37.002285 ], [ -111.543473, 37.002494 ], [ -111.855572, 37.002703 ], [ -112.167672, 37.002911 ], [ -112.479772, 37.00312 ], [ -112.791871, 37.003318 ], [ -113.103971, 37.003527 ], [ -113.41607, 37.003735 ], [ -113.72817, 37.003944 ], [ -114.04027, 37.004153 ], [ -114.040347, 37.160312 ], [ -114.040396, 37.316461 ], [ -114.040473, 37.472599 ], [ -114.040555, 37.628759 ], [ -114.040632, 37.784929 ], [ -114.040709, 37.941067 ], [ -114.040786, 38.097205 ], [ -114.040863, 38.253375 ], [ -114.04094, 38.409546 ], [ -114.041017, 38.565684 ], [ -114.041072, 38.721821 ], [ -114.041149, 38.877992 ], [ -114.041226, 39.034152 ], [ -114.041275, 39.190322 ], [ -114.041352, 39.346493 ], [ -114.041429, 39.502631 ], [ -114.041511, 39.658768 ], [ -114.041588, 39.814939 ], [ -114.041637, 39.971099 ], [ -114.041714, 40.127269 ], [ -114.041791, 40.283429 ], [ -114.041846, 40.439578 ], [ -114.041923, 40.595715 ], [ -114.042, 40.751875 ], [ -114.042077, 40.908046 ], [ -114.042154, 41.064183 ], [ -114.042231, 41.220321 ], [ -114.042308, 41.376492 ], [ -114.04239, 41.532662 ], [ -114.042467, 41.6888 ], [ -114.042516, 41.844938 ], [ -114.042593, 42.001109 ], [ -113.855551, 42.001109 ], [ -113.668536, 42.001076 ], [ -113.481516, 42.001054 ], [ -113.294501, 42.001054 ], [ -113.107481, 42.001054 ], [ -112.920466, 42.001032 ], [ -112.733451, 42.000999 ], [ -112.546431, 42.000999 ], [ -112.359416, 42.000999 ], [ -112.172396, 42.000977 ], [ -111.985381, 42.000955 ], [ -111.798367, 42.000955 ], [ -111.611346, 42.000922 ], [ -111.424331, 42.0009 ], [ -111.237311, 42.0009 ], [ -111.050296, 42.000878 ], [ -111.050247, 41.875897 ], [ -111.05022, 41.750884 ], [ -111.050192, 41.625881 ], [ -111.050143, 41.500879 ], [ -111.050088, 41.375877 ], [ -111.050066, 41.250863 ], [ -111.050038, 41.125861 ], [ -111.049989, 41.000858 ], [ -110.799539, 41.000858 ], [ -110.549089, 41.000858 ], [ -110.298639, 41.000858 ], [ -110.048189, 41.000858 ], [ -109.79774, 41.000858 ], [ -109.54729, 41.000858 ], [ -109.29684, 41.000858 ], [ -109.04639, 41.000858 ], [ -109.046412, 40.750842 ], [ -109.04644, 40.500859 ], [ -109.04644, 40.250877 ], [ -109.046467, 40.000872 ], [ -109.046489, 39.750856 ], [ -109.046489, 39.50084 ], [ -109.046516, 39.250835 ], [ -109.046544, 39.000819 ], [ -109.046544, 38.750869 ], [ -109.046566, 38.500853 ], [ -109.046593, 38.250848 ], [ -109.046593, 38.000833 ], [ -109.046621, 37.750828 ], [ -109.046648, 37.500834 ], [ -109.046648, 37.250851 ], [ -109.04667, 37.000846 ] ] ] ] } },
{ "type": "Feature", "properties": { "name": "Virginia" }, "geometry": { "type": "MultiPolygon", "coordinates": [ [ [ [ -77.122053, 38.943536 ], [ -77.101827, 38.935967 ], [ -77.053048, 38.915302 ], [ -77.030361, 38.889253 ], [ -77.045599, 38.775797 ], [ -77.091906, 38.719547 ], [ -77.164669, 38.67658 ], [ -77.260393, 38.599994 ], [ -77.283805, 38.52922 ], [ -77.313698, 38.396626 ], [ -77.273258, 38.351769 ], [ -77.231916, 38.340035 ], [ -77.109913, 38.370138 ], [ -77.046764, 38.35668 ], [ -76.906336, 38.197048 ], [ -76.644873, 38.133954 ], [ -76.549511, 38.094502 ], [ -76.471761, 38.011171 ], [ -76.354944, 37.963215 ], [ -76.264284, 37.893551 ], [ -76.261801, 37.848079 ], [ -76.293222, 37.794333 ], [ -76.305626, 37.721571 ], [ -76.344144, 37.675681 ], [ -76.436616, 37.670419 ], [ -76.492481, 37.682218 ], [ -76.792804, 37.937991 ], [ -76.828641, 37.961512 ], [ -76.939977, 38.095458 ], [ -77.070637, 38.167209 ], [ -77.1111, 38.165682 ], [ -76.925123, 38.033022 ], [ -76.849175, 37.940243 ], [ -76.715416, 37.810176 ], [ -76.619835, 37.75509 ], [ -76.549457, 37.669144 ], [ -76.484055, 37.628868 ], [ -76.305571, 37.571509 ], [ -76.367633, 37.530288 ], [ -76.268569, 37.495154 ], [ -76.254408, 37.430631 ], [ -76.263482, 37.357023 ], [ -76.400987, 37.386147 ], [ -76.405459, 37.331908 ], [ -76.393132, 37.299949 ], [ -76.45393, 37.273538 ], [ -76.538393, 37.309353 ], [ -76.757691, 37.505437 ], [ -76.755879, 37.479213 ], [ -76.738103, 37.44877 ], [ -76.610903, 37.322581 ], [ -76.497392, 37.246874 ], [ -76.401119, 37.212695 ], [ -76.326939, 37.14926 ], [ -76.300759, 37.110885 ], [ -76.283302, 37.052679 ], [ -76.338277, 37.013118 ], [ -76.400888, 36.991332 ], [ -76.462016, 37.030784 ], [ -76.506852, 37.072312 ], [ -76.602301, 37.142844 ], [ -76.630898, 37.221704 ], [ -76.703507, 37.217672 ], [ -77.006971, 37.31767 ], [ -77.25089, 37.329194 ], [ -77.22706, 37.309067 ], [ -77.196211, 37.295708 ], [ -77.001961, 37.271055 ], [ -76.925167, 37.225011 ], [ -76.765415, 37.184142 ], [ -76.671855, 37.172947 ], [ -76.633919, 37.047428 ], [ -76.504632, 36.96102 ], [ -76.487856, 36.897025 ], [ -76.399548, 36.88984 ], [ -76.244256, 36.952627 ], [ -76.144006, 36.93061 ], [ -75.999415, 36.912659 ], [ -75.966335, 36.861957 ], [ -75.941561, 36.76553 ], [ -75.890431, 36.657018 ], [ -75.857428, 36.550582 ], [ -75.889057, 36.550505 ], [ -75.966445, 36.551362 ], [ -76.214824, 36.552889 ], [ -76.576615, 36.555702 ], [ -76.938395, 36.558514 ], [ -77.300185, 36.561338 ], [ -77.661976, 36.56415 ], [ -78.023756, 36.566963 ], [ -78.385547, 36.569753 ], [ -78.747337, 36.572577 ], [ -79.109117, 36.575389 ], [ -79.470908, 36.57818 ], [ -79.832688, 36.580992 ], [ -80.194479, 36.583816 ], [ -80.556269, 36.586628 ], [ -80.918049, 36.589452 ], [ -81.27984, 36.592264 ], [ -81.641631, 36.595077 ], [ -81.65889, 36.610579 ], [ -81.800713, 36.615182 ], [ -81.905336, 36.618544 ], [ -81.952511, 36.598021 ], [ -82.162185, 36.598856 ], [ -82.329386, 36.599548 ], [ -82.611779, 36.600713 ], [ -82.955837, 36.60213 ], [ -83.440763, 36.604119 ], [ -83.667521, 36.60503 ], [ -83.566183, 36.652623 ], [ -83.41689, 36.681012 ], [ -83.150218, 36.762333 ], [ -83.043816, 36.845554 ], [ -82.894501, 36.906374 ], [ -82.832021, 36.979269 ], [ -82.731892, 37.048076 ], [ -82.69489, 37.126156 ], [ -82.681586, 37.13812 ], [ -82.516505, 37.208839 ], [ -82.343207, 37.296927 ], [ -81.965277, 37.539725 ], [ -81.957707, 37.507634 ], [ -81.971396, 37.47306 ], [ -81.939382, 37.432598 ], [ -81.913059, 37.368965 ], [ -81.87564, 37.329612 ], [ -81.829266, 37.298597 ], [ -81.752164, 37.270769 ], [ -81.660769, 37.221759 ], [ -81.589017, 37.20807 ], [ -81.564836, 37.209795 ], [ -81.485537, 37.257003 ], [ -81.419366, 37.282272 ], [ -81.350043, 37.333688 ], [ -81.227128, 37.263276 ], [ -81.178118, 37.263331 ], [ -81.057345, 37.293719 ], [ -80.94368, 37.301904 ], [ -80.915369, 37.311363 ], [ -80.873071, 37.34062 ], [ -80.871852, 37.399419 ], [ -80.862425, 37.414569 ], [ -80.843485, 37.421721 ], [ -80.821084, 37.423094 ], [ -80.77003, 37.401594 ], [ -80.719845, 37.401023 ], [ -80.507402, 37.469061 ], [ -80.491417, 37.46392 ], [ -80.464512, 37.432729 ], [ -80.371183, 37.472599 ], [ -80.316075, 37.5097 ], [ -80.291971, 37.565895 ], [ -80.245818, 37.620782 ], [ -80.255376, 37.645271 ], [ -80.285303, 37.677054 ], [ -80.245928, 37.751025 ], [ -80.188074, 37.824227 ], [ -79.971731, 38.046151 ], [ -79.902693, 38.180745 ], [ -79.812879, 38.267042 ], [ -79.783447, 38.336036 ], [ -79.715255, 38.404042 ], [ -79.668651, 38.54426 ], [ -79.639603, 38.572451 ], [ -79.597745, 38.577131 ], [ -79.555272, 38.559377 ], [ -79.524675, 38.533461 ], [ -79.504834, 38.49135 ], [ -79.395871, 38.454392 ], [ -79.304169, 38.449899 ], [ -79.240272, 38.476519 ], [ -79.20294, 38.525814 ], [ -79.152502, 38.618319 ], [ -79.104239, 38.672932 ], [ -79.073313, 38.741948 ], [ -79.041189, 38.789673 ], [ -78.991992, 38.819699 ], [ -78.868725, 38.817941 ], [ -78.805499, 38.860183 ], [ -78.756786, 38.908215 ], [ -78.727309, 38.923882 ], [ -78.692757, 38.921652 ], [ -78.581477, 38.999017 ], [ -78.435238, 39.160758 ], [ -78.403707, 39.262645 ], [ -78.365782, 39.335847 ], [ -78.35105, 39.410928 ], [ -78.322221, 39.451852 ], [ -78.193, 39.370388 ], [ -78.118348, 39.323334 ], [ -77.948598, 39.216316 ], [ -77.835791, 39.145212 ], [ -77.791758, 39.226621 ], [ -77.726642, 39.346438 ], [ -77.668821, 39.309535 ], [ -77.53415, 39.265612 ], [ -77.478856, 39.220864 ], [ -77.502938, 39.175282 ], [ -77.506454, 39.14262 ], [ -77.480921, 39.112957 ], [ -77.301086, 39.053378 ], [ -77.1903, 38.969047 ], [ -77.122053, 38.943536 ] ] ], [ [ [ -75.659256, 37.953965 ], [ -75.620002, 37.999207 ], [ -75.469424, 38.014939 ], [ -75.375963, 38.024991 ], [ -75.59636, 37.631187 ], [ -75.587109, 37.558721 ], [ -75.631549, 37.535331 ], [ -75.69884, 37.516368 ], [ -75.766867, 37.473005 ], [ -75.812054, 37.425215 ], [ -75.854, 37.296642 ], [ -75.934376, 37.151897 ], [ -75.984507, 37.212201 ], [ -75.997372, 37.263826 ], [ -75.975047, 37.398441 ], [ -75.888156, 37.619156 ], [ -75.792367, 37.756354 ], [ -75.719351, 37.821382 ], [ -75.659256, 37.953965 ] ] ], [ [ [ -75.252476, 38.03745 ], [ -75.225791, 38.040339 ], [ -75.225846, 38.040262 ], [ -75.33305, 37.888278 ], [ -75.378545, 37.872051 ], [ -75.252476, 38.03745 ] ] ] ] } },
{ "type": "Feature", "properties": { "name": "Vermont" }, "geometry": { "type": "MultiPolygon", "coordinates": [ [ [ [ -73.352182, 45.005419 ], [ -73.182015, 45.005628 ], [ -72.765886, 45.006111 ], [ -72.349768, 45.006605 ], [ -71.933638, 45.007067 ], [ -71.51752, 45.007561 ], [ -71.533483, 44.987973 ], [ -71.510225, 44.908344 ], [ -71.62066, 44.771894 ], [ -71.618287, 44.727761 ], [ -71.568442, 44.607637 ], [ -71.571496, 44.579193 ], [ -71.5878, 44.565263 ], [ -71.609289, 44.514055 ], [ -71.638205, 44.481679 ], [ -71.683007, 44.45028 ], [ -71.825511, 44.37409 ], [ -71.867677, 44.354918 ], [ -72.001776, 44.329496 ], [ -72.031208, 44.300734 ], [ -72.062233, 44.11635 ], [ -72.106212, 44.013079 ], [ -72.114924, 43.965431 ], [ -72.173855, 43.884088 ], [ -72.222381, 43.790869 ], [ -72.296693, 43.714954 ], [ -72.337672, 43.621988 ], [ -72.362369, 43.586645 ], [ -72.384957, 43.52923 ], [ -72.407072, 43.332036 ], [ -72.438186, 43.224645 ], [ -72.473715, 43.038537 ], [ -72.496479, 42.991669 ], [ -72.519419, 42.966675 ], [ -72.549807, 42.886684 ], [ -72.552806, 42.856449 ], [ -72.539622, 42.829632 ], [ -72.483658, 42.766174 ], [ -72.46686, 42.730315 ], [ -72.565177, 42.733051 ], [ -72.663493, 42.735786 ], [ -72.761777, 42.738533 ], [ -72.860094, 42.741268 ], [ -72.95841, 42.744004 ], [ -73.056694, 42.74674 ], [ -73.155011, 42.749486 ], [ -73.253327, 42.752222 ], [ -73.2802, 42.813152 ], [ -73.266555, 42.864777 ], [ -73.264544, 42.93521 ], [ -73.26193, 43.027067 ], [ -73.259084, 43.127855 ], [ -73.255239, 43.265371 ], [ -73.252657, 43.357195 ], [ -73.250328, 43.439669 ], [ -73.247098, 43.553048 ], [ -73.30616, 43.616253 ], [ -73.330484, 43.62669 ], [ -73.349238, 43.620384 ], [ -73.391436, 43.578526 ], [ -73.40495, 43.578811 ], [ -73.415925, 43.589644 ], [ -73.413365, 43.627854 ], [ -73.375847, 43.762184 ], [ -73.374968, 43.804152 ], [ -73.38301, 43.875827 ], [ -73.424945, 44.038292 ], [ -73.426131, 44.074855 ], [ -73.409751, 44.131413 ], [ -73.38112, 44.187432 ], [ -73.331825, 44.244583 ], [ -73.320915, 44.268874 ], [ -73.324639, 44.36786 ], [ -73.309753, 44.45964 ], [ -73.372078, 44.597332 ], [ -73.348568, 44.775299 ], [ -73.365805, 44.860366 ], [ -73.345052, 44.938864 ], [ -73.352182, 45.005419 ] ] ] ] } },
{ "type": "Feature", "properties": { "name": "Washington" }, "geometry": { "type": "MultiPolygon", "coordinates": [ [ [ [ -122.788777, 48.993028 ], [ -122.686384, 48.993028 ], [ -122.259999, 48.993028 ], [ -121.83362, 48.993028 ], [ -121.407235, 48.993028 ], [ -120.980855, 48.993028 ], [ -120.55447, 48.993028 ], [ -120.128091, 48.993028 ], [ -119.701706, 48.993028 ], [ -119.275321, 48.993061 ], [ -118.848942, 48.993083 ], [ -118.422557, 48.993083 ], [ -117.996177, 48.993083 ], [ -117.569793, 48.993083 ], [ -117.143413, 48.993083 ], [ -117.039054, 48.993083 ], [ -117.037373, 48.83366 ], [ -117.036544, 48.673359 ], [ -117.03572, 48.513057 ], [ -117.034918, 48.352756 ], [ -117.034116, 48.192454 ], [ -117.033292, 48.032163 ], [ -117.032462, 47.871862 ], [ -117.031638, 47.71156 ], [ -117.030809, 47.551259 ], [ -117.029985, 47.390957 ], [ -117.029155, 47.230656 ], [ -117.028331, 47.070354 ], [ -117.027502, 46.910053 ], [ -117.026678, 46.749751 ], [ -117.025848, 46.589461 ], [ -117.025046, 46.429159 ], [ -117.032462, 46.419755 ], [ -117.038999, 46.396552 ], [ -117.010396, 46.329623 ], [ -116.942962, 46.232108 ], [ -116.92211, 46.163642 ], [ -116.947845, 46.124322 ], [ -116.930196, 46.055954 ], [ -116.896479, 46.002099 ], [ -117.14432, 46.002253 ], [ -117.409755, 46.002022 ], [ -117.675217, 46.001791 ], [ -117.940653, 46.001538 ], [ -118.206088, 46.001275 ], [ -118.47155, 46.001044 ], [ -118.736986, 46.000813 ], [ -119.002421, 46.00055 ], [ -119.01968, 46.000341 ], [ -119.049909, 45.981488 ], [ -119.177345, 45.94508 ], [ -119.429113, 45.93417 ], [ -119.934276, 45.837875 ], [ -120.156046, 45.762168 ], [ -120.351432, 45.725166 ], [ -120.715777, 45.689823 ], [ -121.045241, 45.639044 ], [ -121.184278, 45.64378 ], [ -121.242698, 45.687033 ], [ -121.402121, 45.71184 ], [ -121.662519, 45.718135 ], [ -121.882014, 45.689461 ], [ -122.085124, 45.602647 ], [ -122.149905, 45.593858 ], [ -122.149927, 45.593759 ], [ -122.202535, 45.591067 ], [ -122.560964, 45.62507 ], [ -122.649849, 45.627443 ], [ -122.725913, 45.67375 ], [ -122.74643, 45.749688 ], [ -122.843373, 45.978094 ], [ -122.941997, 46.114862 ], [ -123.042275, 46.160027 ], [ -123.120904, 46.178781 ], [ -123.220589, 46.153622 ], [ -123.251334, 46.167256 ], [ -123.298696, 46.170849 ], [ -123.404736, 46.221001 ], [ -123.464859, 46.271099 ], [ -123.65033, 46.267715 ], [ -123.688365, 46.299861 ], [ -123.895715, 46.26777 ], [ -123.959743, 46.30074 ], [ -124.07276, 46.279449 ], [ -124.045135, 46.372876 ], [ -124.050172, 46.490551 ], [ -124.04436, 46.605061 ], [ -124.016405, 46.521368 ], [ -123.946126, 46.432565 ], [ -123.912381, 46.533332 ], [ -123.889151, 46.660015 ], [ -123.957727, 46.708695 ], [ -124.0717, 46.744796 ], [ -124.112547, 46.862669 ], [ -123.842876, 46.963183 ], [ -123.986017, 46.984496 ], [ -124.042218, 47.029683 ], [ -124.111695, 47.035187 ], [ -124.116787, 47.000338 ], [ -124.139238, 46.954701 ], [ -124.163551, 47.015324 ], [ -124.170505, 47.086691 ], [ -124.19885, 47.20854 ], [ -124.309279, 47.404602 ], [ -124.376021, 47.658639 ], [ -124.460044, 47.784213 ], [ -124.621071, 47.904129 ], [ -124.663083, 47.974123 ], [ -124.701661, 48.15164 ], [ -124.67998, 48.285893 ], [ -124.709978, 48.380375 ], [ -124.632618, 48.375036 ], [ -124.429041, 48.300768 ], [ -124.175515, 48.242431 ], [ -124.098775, 48.200002 ], [ -123.975761, 48.168482 ], [ -123.294433, 48.119549 ], [ -123.249911, 48.124196 ], [ -123.161883, 48.154551 ], [ -123.124392, 48.150915 ], [ -123.024219, 48.081613 ], [ -122.973885, 48.073296 ], [ -122.908901, 48.076889 ], [ -122.860891, 48.090039 ], [ -122.778598, 48.137577 ], [ -122.767512, 48.12001 ], [ -122.769089, 48.075977 ], [ -122.739739, 48.013245 ], [ -122.679485, 47.931803 ], [ -122.656644, 47.881134 ], [ -122.778444, 47.738433 ], [ -122.801773, 47.735335 ], [ -122.805366, 47.783642 ], [ -122.821384, 47.793156 ], [ -123.050647, 47.551929 ], [ -123.131034, 47.437726 ], [ -123.139043, 47.386101 ], [ -123.136356, 47.355823 ], [ -123.10421, 47.348374 ], [ -123.03091, 47.360185 ], [ -122.922156, 47.407646 ], [ -122.916883, 47.417984 ], [ -123.01822, 47.401065 ], [ -123.066775, 47.399637 ], [ -123.060133, 47.453645 ], [ -123.048636, 47.47932 ], [ -122.98246, 47.559367 ], [ -122.912906, 47.607355 ], [ -122.814051, 47.65854 ], [ -122.757152, 47.70053 ], [ -122.717876, 47.762098 ], [ -122.608145, 47.835475 ], [ -122.587913, 47.855943 ], [ -122.592665, 47.916401 ], [ -122.585716, 47.927881 ], [ -122.532801, 47.919707 ], [ -122.510811, 47.815733 ], [ -122.523913, 47.769338 ], [ -122.618428, 47.712802 ], [ -122.630183, 47.692796 ], [ -122.613621, 47.615617 ], [ -122.628272, 47.608157 ], [ -122.66429, 47.617254 ], [ -122.67548, 47.612343 ], [ -122.585821, 47.528418 ], [ -122.557448, 47.463203 ], [ -122.553548, 47.40491 ], [ -122.577888, 47.29319 ], [ -122.603904, 47.274612 ], [ -122.648657, 47.281457 ], [ -122.707697, 47.316393 ], [ -122.720876, 47.305121 ], [ -122.767798, 47.218362 ], [ -122.7833, 47.225954 ], [ -122.812551, 47.328951 ], [ -122.828465, 47.336597 ], [ -122.919519, 47.289674 ], [ -122.956186, 47.244554 ], [ -122.987629, 47.172571 ], [ -123.027575, 47.138909 ], [ -122.914147, 47.131493 ], [ -122.811958, 47.146006 ], [ -122.729868, 47.111806 ], [ -122.701935, 47.110872 ], [ -122.627058, 47.144259 ], [ -122.60414, 47.167023 ], [ -122.542177, 47.275568 ], [ -122.51107, 47.294992 ], [ -122.464872, 47.295827 ], [ -122.420119, 47.312098 ], [ -122.353817, 47.371578 ], [ -122.351131, 47.39522 ], [ -122.375262, 47.528363 ], [ -122.368341, 47.603916 ], [ -122.380744, 47.627845 ], [ -122.410506, 47.652652 ], [ -122.406787, 47.676778 ], [ -122.383634, 47.716471 ], [ -122.38198, 47.752331 ], [ -122.401827, 47.784268 ], [ -122.392884, 47.820545 ], [ -122.330306, 47.898625 ], [ -122.318474, 47.933045 ], [ -122.242014, 48.010762 ], [ -122.261268, 48.042029 ], [ -122.31749, 48.080163 ], [ -122.352965, 48.113803 ], [ -122.388649, 48.166361 ], [ -122.415802, 48.183929 ], [ -122.424695, 48.17592 ], [ -122.386633, 48.08993 ], [ -122.394774, 48.084151 ], [ -122.494019, 48.130447 ], [ -122.517013, 48.159649 ], [ -122.529159, 48.199331 ], [ -122.52032, 48.229093 ], [ -122.467042, 48.258504 ], [ -122.403376, 48.269194 ], [ -122.408545, 48.293902 ], [ -122.48841, 48.374311 ], [ -122.541661, 48.41095 ], [ -122.582591, 48.428671 ], [ -122.63778, 48.433318 ], [ -122.662483, 48.446392 ], [ -122.668993, 48.465256 ], [ -122.657265, 48.490008 ], [ -122.627964, 48.497918 ], [ -122.542694, 48.487975 ], [ -122.496754, 48.505542 ], [ -122.501094, 48.537502 ], [ -122.514816, 48.555146 ], [ -122.512723, 48.669436 ], [ -122.545122, 48.762293 ], [ -122.562024, 48.777981 ], [ -122.580163, 48.779585 ], [ -122.599438, 48.767105 ], [ -122.653024, 48.763875 ], [ -122.685944, 48.794285 ], [ -122.72248, 48.85304 ], [ -122.788777, 48.993028 ] ] ], [ [ [ -123.086435, 48.993028 ], [ -123.049202, 48.993028 ], [ -123.063259, 48.977735 ], [ -123.077316, 48.980218 ], [ -123.086435, 48.993028 ] ] ], [ [ [ -122.782141, 48.672688 ], [ -122.768831, 48.650979 ], [ -122.808958, 48.629853 ], [ -122.837611, 48.626546 ], [ -122.883089, 48.660647 ], [ -122.903034, 48.664679 ], [ -122.887016, 48.61233 ], [ -122.892542, 48.594499 ], [ -122.985668, 48.6267 ], [ -123.002851, 48.652199 ], [ -122.976676, 48.679148 ], [ -122.91802, 48.706999 ], [ -122.897711, 48.710361 ], [ -122.782141, 48.672688 ] ] ], [ [ [ -123.013134, 48.500862 ], [ -122.98675, 48.468002 ], [ -123.094444, 48.489085 ], [ -123.139922, 48.507948 ], [ -123.153435, 48.52634 ], [ -123.169585, 48.586698 ], [ -123.162141, 48.606386 ], [ -123.114186, 48.613263 ], [ -123.024164, 48.538479 ], [ -123.013134, 48.500862 ] ] ], [ [ [ -122.820923, 48.431363 ], [ -122.836578, 48.421541 ], [ -122.890037, 48.43467 ], [ -122.921612, 48.456939 ], [ -122.932285, 48.484745 ], [ -122.912235, 48.537963 ], [ -122.885517, 48.551608 ], [ -122.868905, 48.548609 ], [ -122.861902, 48.501851 ], [ -122.814616, 48.452336 ], [ -122.820923, 48.431363 ] ] ], [ [ [ -122.572769, 48.15665 ], [ -122.523836, 48.02544 ], [ -122.502852, 48.080064 ], [ -122.366737, 47.985439 ], [ -122.366583, 47.938835 ], [ -122.383145, 47.923201 ], [ -122.41144, 47.917752 ], [ -122.437588, 47.931342 ], [ -122.461615, 47.963993 ], [ -122.492261, 47.981308 ], [ -122.557525, 47.99247 ], [ -122.591347, 48.029626 ], [ -122.603184, 48.055048 ], [ -122.60631, 48.12859 ], [ -122.622663, 48.151431 ], [ -122.657265, 48.156496 ], [ -122.690388, 48.173854 ], [ -122.741519, 48.22527 ], [ -122.748704, 48.239025 ], [ -122.724517, 48.280927 ], [ -122.668993, 48.350998 ], [ -122.628634, 48.384231 ], [ -122.60352, 48.380617 ], [ -122.572461, 48.359578 ], [ -122.535564, 48.321214 ], [ -122.542436, 48.294001 ], [ -122.692146, 48.24109 ], [ -122.697002, 48.228687 ], [ -122.624394, 48.213746 ], [ -122.597625, 48.200419 ], [ -122.572769, 48.15665 ] ] ], [ [ [ -122.497271, 47.594589 ], [ -122.502649, 47.57544 ], [ -122.557838, 47.598313 ], [ -122.575922, 47.619473 ], [ -122.573752, 47.666857 ], [ -122.560113, 47.697762 ], [ -122.549774, 47.703958 ], [ -122.517216, 47.690577 ], [ -122.507867, 47.682644 ], [ -122.497271, 47.594589 ] ] ], [ [ [ -122.394126, 47.395242 ], [ -122.398723, 47.372511 ], [ -122.437121, 47.354812 ], [ -122.456962, 47.359328 ], [ -122.458203, 47.386156 ], [ -122.468542, 47.390232 ], [ -122.509932, 47.357987 ], [ -122.506834, 47.421675 ], [ -122.486471, 47.48878 ], [ -122.468591, 47.489966 ], [ -122.442081, 47.446153 ], [ -122.394126, 47.395242 ] ] ], [ [ [ -122.85309, 47.204717 ], [ -122.862627, 47.185074 ], [ -122.876733, 47.186117 ], [ -122.907973, 47.226108 ], [ -122.9119, 47.25432 ], [ -122.885105, 47.274711 ], [ -122.84919, 47.216297 ], [ -122.85309, 47.204717 ] ] ] ] } },
{ "type": "Feature", "properties": { "name": "Wisconsin" }, "geometry": { "type": "MultiPolygon", "coordinates": [ [ [ [ -90.650585, 42.512984 ], [ -90.657331, 42.520509 ], [ -90.687873, 42.610322 ], [ -90.788749, 42.676933 ], [ -90.959949, 42.72034 ], [ -91.069582, 42.788554 ], [ -91.117592, 42.881652 ], [ -91.148156, 42.986209 ], [ -91.161328, 43.102334 ], [ -91.147585, 43.199585 ], [ -91.106968, 43.278028 ], [ -91.117196, 43.331157 ], [ -91.178357, 43.358931 ], [ -91.218688, 43.395285 ], [ -91.238277, 43.440241 ], [ -91.245253, 43.502412 ], [ -91.278432, 43.797428 ], [ -91.319916, 43.936284 ], [ -91.382692, 43.990799 ], [ -91.514846, 44.054212 ], [ -91.716435, 44.126458 ], [ -91.840976, 44.194156 ], [ -91.912299, 44.288869 ], [ -92.055121, 44.39982 ], [ -92.148582, 44.445248 ], [ -92.240307, 44.462145 ], [ -92.313091, 44.497796 ], [ -92.366941, 44.552266 ], [ -92.441587, 44.586576 ], [ -92.537031, 44.600792 ], [ -92.643538, 44.645342 ], [ -92.769809, 44.72585 ], [ -92.7726, 44.732002 ], [ -92.799214, 44.790032 ], [ -92.784668, 44.822563 ], [ -92.763404, 44.934261 ], [ -92.765212, 44.96945 ], [ -92.79304, 45.071359 ], [ -92.759059, 45.11058 ], [ -92.76614, 45.236461 ], [ -92.753918, 45.277572 ], [ -92.685808, 45.380536 ], [ -92.682605, 45.433095 ], [ -92.707022, 45.493761 ], [ -92.757461, 45.543244 ], [ -92.892488, 45.594759 ], [ -92.89652, 45.658578 ], [ -92.874712, 45.706094 ], [ -92.786448, 45.795501 ], [ -92.738081, 45.874668 ], [ -92.693949, 45.909012 ], [ -92.424613, 46.027807 ], [ -92.367276, 46.035981 ], [ -92.325473, 46.069588 ], [ -92.292629, 46.084375 ], [ -92.292371, 46.22845 ], [ -92.29214, 46.372547 ], [ -92.291904, 46.516643 ], [ -92.291646, 46.660718 ], [ -92.224003, 46.671023 ], [ -92.194549, 46.706971 ], [ -92.125346, 46.763012 ], [ -92.093266, 46.761902 ], [ -91.964923, 46.729778 ], [ -91.840778, 46.77859 ], [ -91.716643, 46.827425 ], [ -91.59252, 46.876259 ], [ -91.468363, 46.925093 ], [ -91.264787, 47.021114 ], [ -91.061188, 47.117068 ], [ -90.8576, 47.213089 ], [ -90.654024, 47.309098 ], [ -90.479923, 47.303627 ], [ -90.305856, 47.298123 ], [ -90.131778, 47.292619 ], [ -89.957677, 47.287137 ], [ -90.014553, 47.199389 ], [ -90.07143, 47.111674 ], [ -90.128273, 47.023948 ], [ -90.185138, 46.9362 ], [ -90.242003, 46.848463 ], [ -90.298847, 46.760716 ], [ -90.355712, 46.673012 ], [ -90.412588, 46.585275 ], [ -90.39234, 46.548965 ], [ -90.34088, 46.558446 ], [ -90.318227, 46.536639 ], [ -90.28786, 46.527388 ], [ -90.23038, 46.509766 ], [ -90.20242, 46.467754 ], [ -90.174459, 46.425721 ], [ -90.14651, 46.383676 ], [ -90.11855, 46.341664 ], [ -89.993646, 46.317582 ], [ -89.868754, 46.293555 ], [ -89.743839, 46.269473 ], [ -89.618925, 46.245446 ], [ -89.493988, 46.221364 ], [ -89.369085, 46.197337 ], [ -89.244181, 46.173255 ], [ -89.119289, 46.149195 ], [ -89.0488, 46.121059 ], [ -88.978312, 46.092901 ], [ -88.907824, 46.064765 ], [ -88.837335, 46.036618 ], [ -88.727241, 46.031114 ], [ -88.62954, 46.014041 ], [ -88.492991, 46.013524 ], [ -88.35475, 45.992288 ], [ -88.151745, 45.945409 ], [ -88.104415, 45.905155 ], [ -88.096483, 45.878415 ], [ -88.116116, 45.815804 ], [ -87.922537, 45.759971 ], [ -87.839832, 45.717981 ], [ -87.809081, 45.686044 ], [ -87.814091, 45.657029 ], [ -87.794557, 45.596033 ], [ -87.814662, 45.563239 ], [ -87.815178, 45.505824 ], [ -87.859135, 45.445498 ], [ -87.874032, 45.412814 ], [ -87.874911, 45.385392 ], [ -87.86543, 45.367825 ], [ -87.84182, 45.360794 ], [ -87.768563, 45.364364 ], [ -87.696394, 45.382832 ], [ -87.664226, 45.371286 ], [ -87.657568, 45.361804 ], [ -87.66271, 45.345193 ], [ -87.720916, 45.242768 ], [ -87.71885, 45.201272 ], [ -87.694208, 45.161073 ], [ -87.653613, 45.121797 ], [ -87.45954, 45.067997 ], [ -87.419802, 45.183859 ], [ -87.244384, 45.289789 ], [ -87.115272, 45.452365 ], [ -86.942337, 45.452365 ], [ -86.77429, 45.452365 ], [ -86.481823, 45.323001 ], [ -86.264524, 45.226903 ], [ -86.401469, 45.133366 ], [ -86.535952, 45.041487 ], [ -86.7147, 44.846205 ], [ -86.822113, 44.591125 ], [ -86.918749, 44.361587 ], [ -87.03249, 44.091466 ], [ -87.083203, 43.890142 ], [ -87.141727, 43.657803 ], [ -87.145188, 43.571264 ], [ -87.15501, 43.326763 ], [ -87.113855, 43.03055 ], [ -87.079358, 42.782149 ], [ -87.039126, 42.492802 ], [ -87.489412, 42.495318 ], [ -87.939664, 42.497822 ], [ -88.38995, 42.500305 ], [ -88.840236, 42.50281 ], [ -89.290521, 42.505315 ], [ -89.740796, 42.507798 ], [ -90.191049, 42.510303 ], [ -90.650585, 42.512984 ] ] ] ] } },
{ "type": "Feature", "properties": { "name": "West Virginia" }, "geometry": { "type": "MultiPolygon", "coordinates": [ [ [ [ -81.965277, 37.539725 ], [ -82.103463, 37.570575 ], [ -82.280244, 37.687184 ], [ -82.393876, 37.828314 ], [ -82.4299, 37.894177 ], [ -82.47189, 37.938408 ], [ -82.482195, 37.983551 ], [ -82.588773, 38.099742 ], [ -82.617711, 38.149873 ], [ -82.619546, 38.182008 ], [ -82.585389, 38.24273 ], [ -82.578413, 38.272085 ], [ -82.589498, 38.420345 ], [ -82.612778, 38.448218 ], [ -82.497543, 38.414973 ], [ -82.387064, 38.43399 ], [ -82.318147, 38.479672 ], [ -82.290868, 38.552017 ], [ -82.252317, 38.594083 ], [ -82.202494, 38.605839 ], [ -82.180071, 38.637589 ], [ -82.18764, 38.715208 ], [ -82.203527, 38.768228 ], [ -82.163328, 38.844912 ], [ -82.072273, 38.962949 ], [ -82.001092, 39.011102 ], [ -81.949797, 38.989327 ], [ -81.91853, 38.952347 ], [ -81.907368, 38.900239 ], [ -81.896678, 38.893549 ], [ -81.88244, 38.894219 ], [ -81.843757, 38.934319 ], [ -81.809337, 38.950029 ], [ -81.795033, 38.945942 ], [ -81.780124, 38.946975 ], [ -81.777685, 38.972793 ], [ -81.804954, 39.04405 ], [ -81.802602, 39.086062 ], [ -81.770665, 39.098828 ], [ -81.736663, 39.14663 ], [ -81.700594, 39.229467 ], [ -81.657209, 39.271973 ], [ -81.606464, 39.274137 ], [ -81.551631, 39.308041 ], [ -81.492722, 39.373618 ], [ -81.439647, 39.392559 ], [ -81.392417, 39.364829 ], [ -81.333354, 39.362819 ], [ -81.262504, 39.386538 ], [ -81.139127, 39.455994 ], [ -80.963291, 39.57113 ], [ -80.874313, 39.664294 ], [ -80.872192, 39.735508 ], [ -80.803517, 39.909136 ], [ -80.668275, 40.185244 ], [ -80.601819, 40.363893 ], [ -80.604093, 40.445203 ], [ -80.623187, 40.51156 ], [ -80.659047, 40.562976 ], [ -80.637524, 40.603263 ], [ -80.519081, 40.646956 ], [ -80.520168, 40.532149 ], [ -80.520069, 40.416473 ], [ -80.51996, 40.300798 ], [ -80.519861, 40.185145 ], [ -80.519762, 40.069492 ], [ -80.519652, 39.953839 ], [ -80.519553, 39.838186 ], [ -80.519443, 39.722511 ], [ -80.3892, 39.722533 ], [ -80.258946, 39.722588 ], [ -80.128725, 39.72261 ], [ -79.998472, 39.722643 ], [ -79.868218, 39.722687 ], [ -79.737997, 39.72272 ], [ -79.607743, 39.722742 ], [ -79.4775, 39.722797 ], [ -79.480126, 39.594817 ], [ -79.48274, 39.466837 ], [ -79.485344, 39.33889 ], [ -79.487981, 39.210911 ], [ -79.35977, 39.285354 ], [ -79.293556, 39.311578 ], [ -79.075345, 39.475989 ], [ -79.046748, 39.476791 ], [ -78.971481, 39.453643 ], [ -78.814794, 39.570087 ], [ -78.796172, 39.612626 ], [ -78.77777, 39.626622 ], [ -78.758214, 39.624766 ], [ -78.746459, 39.613702 ], [ -78.753402, 39.589522 ], [ -78.741669, 39.577898 ], [ -78.677673, 39.54952 ], [ -78.587497, 39.534436 ], [ -78.574962, 39.532854 ], [ -78.495542, 39.533348 ], [ -78.460265, 39.556134 ], [ -78.442698, 39.601464 ], [ -78.406761, 39.627864 ], [ -78.325364, 39.639213 ], [ -78.181135, 39.68574 ], [ -78.097782, 39.677885 ], [ -78.027195, 39.631226 ], [ -77.955707, 39.608803 ], [ -77.883252, 39.610714 ], [ -77.855423, 39.599706 ], [ -77.872167, 39.575778 ], [ -77.853072, 39.548334 ], [ -77.798141, 39.517275 ], [ -77.779585, 39.488337 ], [ -77.797438, 39.461465 ], [ -77.791703, 39.441777 ], [ -77.762358, 39.429242 ], [ -77.744835, 39.400106 ], [ -77.739045, 39.354337 ], [ -77.726642, 39.346438 ], [ -77.791758, 39.226621 ], [ -77.835791, 39.145212 ], [ -77.948598, 39.216316 ], [ -78.118348, 39.323334 ], [ -78.193, 39.370388 ], [ -78.322221, 39.451852 ], [ -78.35105, 39.410928 ], [ -78.365782, 39.335847 ], [ -78.403707, 39.262645 ], [ -78.435238, 39.160758 ], [ -78.581477, 38.999017 ], [ -78.692757, 38.921652 ], [ -78.727309, 38.923882 ], [ -78.756786, 38.908215 ], [ -78.805499, 38.860183 ], [ -78.868725, 38.817941 ], [ -78.991992, 38.819699 ], [ -79.041189, 38.789673 ], [ -79.073313, 38.741948 ], [ -79.104239, 38.672932 ], [ -79.152502, 38.618319 ], [ -79.20294, 38.525814 ], [ -79.240272, 38.476519 ], [ -79.304169, 38.449899 ], [ -79.395871, 38.454392 ], [ -79.504834, 38.49135 ], [ -79.524675, 38.533461 ], [ -79.555272, 38.559377 ], [ -79.597745, 38.577131 ], [ -79.639603, 38.572451 ], [ -79.668651, 38.54426 ], [ -79.715255, 38.404042 ], [ -79.783447, 38.336036 ], [ -79.812879, 38.267042 ], [ -79.902693, 38.180745 ], [ -79.971731, 38.046151 ], [ -80.188074, 37.824227 ], [ -80.245928, 37.751025 ], [ -80.285303, 37.677054 ], [ -80.255376, 37.645271 ], [ -80.245818, 37.620782 ], [ -80.291971, 37.565895 ], [ -80.316075, 37.5097 ], [ -80.371183, 37.472599 ], [ -80.464512, 37.432729 ], [ -80.491417, 37.46392 ], [ -80.507402, 37.469061 ], [ -80.719845, 37.401023 ], [ -80.77003, 37.401594 ], [ -80.821084, 37.423094 ], [ -80.843485, 37.421721 ], [ -80.862425, 37.414569 ], [ -80.871852, 37.399419 ], [ -80.873071, 37.34062 ], [ -80.915369, 37.311363 ], [ -80.94368, 37.301904 ], [ -81.057345, 37.293719 ], [ -81.178118, 37.263331 ], [ -81.227128, 37.263276 ], [ -81.350043, 37.333688 ], [ -81.419366, 37.282272 ], [ -81.485537, 37.257003 ], [ -81.564836, 37.209795 ], [ -81.589017, 37.20807 ], [ -81.660769, 37.221759 ], [ -81.752164, 37.270769 ], [ -81.829266, 37.298597 ], [ -81.87564, 37.329612 ], [ -81.913059, 37.368965 ], [ -81.939382, 37.432598 ], [ -81.971396, 37.47306 ], [ -81.957707, 37.507634 ], [ -81.965277, 37.539725 ] ] ] ] } },
{ "type": "Feature", "properties": { "name": "Wyoming" }, "geometry": { "type": "MultiPolygon", "coordinates": [ [ [ [ -104.021655, 41.000858 ], [ -104.335722, 41.000858 ], [ -104.649755, 41.000858 ], [ -104.963794, 41.000858 ], [ -105.277832, 41.000858 ], [ -105.591871, 41.000858 ], [ -105.905932, 41.000858 ], [ -106.219998, 41.000858 ], [ -106.534037, 41.000858 ], [ -106.84807, 41.000858 ], [ -107.162108, 41.000858 ], [ -107.476147, 41.000858 ], [ -107.790213, 41.000858 ], [ -108.104274, 41.000858 ], [ -108.418313, 41.000858 ], [ -108.732351, 41.000858 ], [ -109.04639, 41.000858 ], [ -109.29684, 41.000858 ], [ -109.54729, 41.000858 ], [ -109.79774, 41.000858 ], [ -110.048189, 41.000858 ], [ -110.298639, 41.000858 ], [ -110.549089, 41.000858 ], [ -110.799539, 41.000858 ], [ -111.049989, 41.000858 ], [ -111.050038, 41.125861 ], [ -111.050066, 41.250863 ], [ -111.050088, 41.375877 ], [ -111.050143, 41.500879 ], [ -111.050192, 41.625881 ], [ -111.05022, 41.750884 ], [ -111.050247, 41.875897 ], [ -111.050296, 42.000878 ], [ -111.050373, 42.157016 ], [ -111.05045, 42.313131 ], [ -111.050505, 42.469247 ], [ -111.050582, 42.625385 ], [ -111.050659, 42.781522 ], [ -111.050708, 42.937638 ], [ -111.050785, 43.093754 ], [ -111.050862, 43.249892 ], [ -111.050945, 43.406029 ], [ -111.051022, 43.562145 ], [ -111.051071, 43.718261 ], [ -111.051148, 43.874398 ], [ -111.051225, 44.030547 ], [ -111.05128, 44.186652 ], [ -111.051357, 44.342768 ], [ -111.051434, 44.498883 ], [ -111.05128, 44.624457 ], [ -111.051148, 44.749987 ], [ -111.051022, 44.875506 ], [ -111.050862, 45.001057 ], [ -110.831707, 45.001079 ], [ -110.612519, 45.001079 ], [ -110.393336, 45.001079 ], [ -110.174175, 45.001079 ], [ -109.954987, 45.001079 ], [ -109.735804, 45.001079 ], [ -109.516643, 45.001079 ], [ -109.297455, 45.001079 ], [ -109.078272, 45.001079 ], [ -108.859112, 45.001079 ], [ -108.639929, 45.001079 ], [ -108.420741, 45.001079 ], [ -108.20158, 45.001079 ], [ -107.982397, 45.001079 ], [ -107.763209, 45.001079 ], [ -107.544048, 45.001079 ], [ -107.324865, 45.001079 ], [ -107.105677, 45.001079 ], [ -106.886522, 45.001079 ], [ -106.667334, 45.001079 ], [ -106.448151, 45.001079 ], [ -106.22899, 45.001079 ], [ -106.009802, 45.001079 ], [ -105.790619, 45.001101 ], [ -105.571458, 45.001134 ], [ -105.35227, 45.001134 ], [ -105.133087, 45.001134 ], [ -104.913927, 45.001134 ], [ -104.694738, 45.001134 ], [ -104.475556, 45.001134 ], [ -104.256395, 45.001134 ], [ -104.037212, 45.001134 ], [ -104.036152, 44.751173 ], [ -104.035119, 44.501212 ], [ -104.034081, 44.251251 ], [ -104.033048, 44.001269 ], [ -104.032016, 43.751286 ], [ -104.030955, 43.501325 ], [ -104.029895, 43.251364 ], [ -104.028862, 43.001403 ], [ -104.027962, 42.751343 ], [ -104.027055, 42.501283 ], [ -104.026149, 42.251223 ], [ -104.025248, 42.001131 ], [ -104.024342, 41.751049 ], [ -104.023441, 41.500978 ], [ -104.022562, 41.250918 ], [ -104.021655, 41.000858 ] ] ] ] } }
]
}
